Aboriginal*Australian*(AD*300–600),-0.039838,-0.22037,-0.19912,0.221579,0.1317165,-0.3186325,0.0003525,-0.0013845,-0.0054195,-0.001822,-0.0040595,0.0017985,-0.001561,-0.0052295,-0.005293,-0.000862,0.0031295,0.0039275,0.001257,0.0057525,0.0012475,0.001051,-0.0074565,-0.0037355,-0.003652
Afanasievo*Culture*(3300–2500*BC),0.1237207,0.088527609,0.041270087,0.11220826,-0.03088187,0.04565313,0.0028098261,-0.0023176087,-0.059329652,-0.077862391,-0.000063478261,0.00033221739,-0.0021651304,-0.020798913,0.03775387,0.0085088261,-0.0095746957,-0.0032056087,-0.0033664348,0.009412087,-0.0062063913,0.0012634783,0.012673043,0.023350609,-0.0026968696
Al-Andalus-Muslim*(AD*901–1500),0.0847982,0.1441037,0.024777,-0.0226746,0.0349602,-0.0116018,-0.0081781,-0.0005769,0.0257086,0.0277,0.0003411,0.0055151,-0.0074628,-0.0124272,0.0073831,0.0020023,0.0039376,-0.0067018,-0.0119789,0.0007129,-0.0011979,-0.0074192,0.0017626,-0.0043979,-0.0000956
Alan*(North*Caucasus)*(AD*300–1000),0.1094976,0.1041932,-0.0244372,-0.0085918,-0.0282512,0.0039044,0.0071912,-0.006046,-0.0449542,-0.0250756,0.0034428,0.0105508,-0.0162336,-0.0064956,0.0057818,-0.0026782,0.0051894,-0.0057518,-0.005757,0.003752,0.0035938,0.004402,0.0017502,0.000048,-0.0025148
Alemanni*(AD*580–630),0.1274815,0.1310035,0.067693,0.054587,0.034314,0.0174305,0.0096355,0.0092305,0.002659,0.0010935,-0.005846,0.007943,-0.0102575,-0.013005,0.0164225,0.01127,0.001369,0.0011405,0.001697,0.002939,0.0069255,0.0062445,-0.000863,0.0165085,0.0016165
Amorite*(Alalakh)*(2000–1400*BC),0.0941886,0.14816575,-0.06039585,-0.09168355,-0.01517205,-0.0333274,0.0002115,-0.00701505,0.0018714,0.01273835,0.0068285,-0.0055226,0.00849585,0.00683295,-0.0090525,0.00124635,-0.0040158,0.00246405,0.00712075,-0.0024699,0.0001311,0.0050882,-0.0032352,-0.0037716,0.0013532
Amur*River*Basin*(Early*Middle*Ages)*(AD*620–670),0.026179,-0.453942,0.081835,-0.053618,-0.067705,-0.046017,0.020681,0.019615,0.00634,0.022962,-0.04417,-0.006145,-0.000297,0.008257,-0.002714,0.002652,0.002608,0.003674,0.016341,0.02151,-0.011105,-0.029924,-0.029333,0.009278,-0.015208
Amur*River*Basin*(Iron*Age)*(1000–800*BC),0.023903,-0.455973,0.064865,-0.047804,-0.027697,-0.029284,0.01081,0.012461,0.010226,0.011481,-0.059597,-0.002398,0.000892,0.005092,-0.001221,-0.004906,0.001434,0.006968,0.010559,0.012631,0.000624,-0.01929,-0.015406,0.000602,-0.010418
Andronovo*Culture*(1880–1640*BC),0.12520543,0.11838171,0.051503857,0.075259,0.012397857,0.028845429,0.0045321429,0.0037582857,-0.014754857,-0.026007571,-0.0028302857,-0.00017114286,-0.0062862857,-0.020643286,0.023498857,0.010607143,-0.0048801429,-0.0012124286,-0.0015624286,-0.00069685714,-0.0055794286,0.0015897143,-0.0021834286,0.0046821429,-0.0053715714
Anglian*(Scorton)*(AD*420–604),0.1306688,0.1350652,0.0657698,0.0629204,0.0398228,0.0227574,0.0042302,0.0062768,0.003477,-0.004228,-0.0087688,0.0041066,-0.0095738,-0.015524,0.0222852,0.0122248,0.0021904,0.0026604,0.0060082,0.0063282,0.0100324,0.0067514,-0.0024896,0.0169902,-0.0023712
Archaic*Greek*(Kastrouli)*(770–540*BC),0.119514,0.161469,-0.009051,-0.057817,0.02462,-0.031794,-0.009165,-0.010384,0.01493,0.038087,0.000974,0.008542,-0.017839,-0.003853,-0.022258,0.007823,0.023208,0.00114,0.009176,0.00075,-0.02009,0.00643,-0.005176,0.014219,0.002634
Athabaskan*(AD*1160–1310),0.0517895,-0.339187,0.111816,0.0673455,-0.110328,-0.0182675,-0.175788,-0.207568,-0.007158,-0.0181325,0.00885,-0.005545,0.00996,-0.004817,-0.0154725,-0.002055,0.003977,0.006461,0.0186665,0.008379,0.008173,-0.016631,0.0010475,0.0153035,0.0088615
Austronesian*(Hanben*Culture)*(AD*150–870),0.013958421,-0.44319837,-0.043349105,-0.064889,0.13903811,0.064834737,-0.0052442632,-0.013153368,-0.023692421,-0.020468,0.040545789,0.0030367895,-0.0033253158,-0.0041648421,0.010293421,0.0061060526,-0.0010430526,0.0058477368,0.0057028421,-0.013940895,0.0081500526,-0.025784895,0.0017643684,-0.0078322632,-0.048404053
Austronesian*(Lapita*Culture)*(1100–700*BC),0.0087266667,-0.42110633,-0.046762667,-0.062877333,0.145668,0.059589667,-0.0067366667,-0.017307,-0.019157333,-0.024116333,0.057918667,0.0049456667,-0.007532,0.006514,0.018412667,0.010960667,-0.00565,0.0032516667,0.010601,-0.011755333,0.0045336667,-0.024771667,-0.0013966667,-0.015102333,-0.062629
Austronesian*(Late*Unai)*(630-570*BC),0.0056915,-0.4316,-0.039975,-0.0644385,0.142488,0.0577305,-0.0034075,-0.015461,-0.0220885,-0.0359915,0.055212,0.002173,-0.0035675,-0.0081195,0.01269,0.0039775,-0.0058675,0.008868,0.0043365,-0.016633,0.007861,-0.0335715,-0.0077645,-0.0119895,-0.067
Avar*(AD*600–670),0.039239105,-0.39749953,0.092692263,-0.02414,-0.084291,-0.048864684,0.017613474,0.025262105,0.010839737,0.012842842,-0.014358579,0.0010886316,-0.0019716842,0.0039838947,0.0042786842,0.00036289474,0.00011657895,-0.0019004211,0.0035592105,0.014138368,-0.022959526,-0.0049136842,-0.020991,-0.000704,0.00083194737
Bactria-Margiana*Archaeological*Complex*(2300–1300*BC),0.080072,0.082125348,-0.11400517,0.0029631739,-0.093997435,0.020225609,0.0078166087,-0.0048961739,-0.060619043,-0.038079391,-0.0012991304,-0.00010430435,-0.0024756087,-0.0070966087,0.017761739,0.024753826,-0.0060373043,0.001746,0.0045907391,-0.02137987,0.00073243478,-0.013091087,0.0003216087,-0.016896,0.010767
Bactrian*(Kushan*Period)*(150*BC–AD*300),0.0978878,0.0741338,-0.0365054,0.0165376,-0.0397612,0.0119922,0.007097,-0.0013846,-0.0356692,-0.0287934,-0.0015914,0.0036866,0.0002676,-0.010652,0.0115906,0.0167594,-0.0033118,0.0032432,0.003017,-0.0083542,-0.0038182,-0.0058364,0.004092,0.0021688,-0.0012214
Baden*Culture*(3600–2850*BC),0.1282786,0.1766006,0.0314517,-0.0618222,0.0705978,-0.0332717,-0.0033372,-0.0006923,0.0456089,0.0814959,0.0055864,0.0136528,-0.0227748,0.0021057,-0.0317177,-0.008499,0.0127255,0.0043327,0.0126578,-0.0095422,-0.003269,0.0051686,-0.0069265,-0.0219066,0.0021794
Baiuvarii*(AD*450–550),0.12768882,0.13229573,0.061299364,0.047187364,0.042497364,0.021423818,0.0068580909,0.0069646364,0.0023982727,-0.0017229091,-0.0049601818,0.0049592727,-0.0057031818,-0.0032153636,0.016409818,-0.00090409091,-0.008001,0.0039504545,0.0051992727,0.0024216364,0.0072032727,0.0035522727,-0.0019270909,0.013583545,-0.0026343636
Balt*(Bronze*Age)*(1000–230*BC),0.13027564,0.12712582,0.098462727,0.10797073,0.046945727,0.039272909,0.013225,0.017411727,-0.0010411818,-0.048773,-0.00066445455,-0.018719636,0.029705091,0.040361,-0.015521455,0.000422,0.00014209091,-0.00071390909,-0.0011540909,0.0064918182,-0.0026658182,-0.0040243636,0.0076413636,-0.020933818,0.0037447273
Balt*(Migration*Period)*(AD*262–534),0.1338558,0.1281598,0.0984284,0.099872,0.0513326,0.0393236,0.0139596,0.0154146,-0.0006546,-0.043263,-0.0042546,-0.0177742,0.032408,0.0377362,-0.0111562,-3.469447e-19,0.0021644,-0.001191,0.0038966,0.0068282,-0.0037184,-0.0049462,0.0081838,-0.0154958,-0.0002156
Bantu*(Central*Africa)*(AD*1650–1800),-0.62450933,0.060932,0.021370333,0.014319667,-0.0027696667,0.010876333,-0.011672333,0.016460667,-0.036473333,0.014579,0.005088,0.0002,-0.002428,-0.003349,-0.0031216667,0.008751,-0.009127,0.000211,-0.0010056667,0.0039186667,0.00079033333,-0.002844,-0.0010273333,-0.0054623333,0.0013966667
Bantu*(East*Africa)*(AD*1310–1600),-0.620336,0.0660095,0.0175365,0.0134045,0.0018465,0.0179885,-0.0135135,0.0175375,-0.0195325,0.0019135,-0.000812,0.010041,-0.0173935,0.0035785,-0.0287725,0.0084855,-0.016624,0.00019,-0.015524,0.0091295,0.0029325,0.0034,0.004252,0.008254,-0.000299
Bantu*(South*Africa)*(AD*1500–1600),-0.62574275,0.06347075,0.021307,0.01558475,0.00392375,0.0096915,0.00569875,0.001096,-0.023469,0.0098405,0.00568375,-0.003072,-0.01033175,0.001858,-0.01265575,0.01680575,-0.00756225,0.041839,-0.01998575,0.00247,-0.0024645,-0.00021625,0.003451,-0.00469925,0.00101775
Battle*Axe*Culture*(2650–2300*BC),0.1232135,0.12161,0.0570395,0.066861,0.021004,0.02496075,0.00546375,-0.000173,-0.0149815,-0.01817825,-0.0022735,0.0022855,-0.009217,-0.0166865,0.0181525,0.00798875,-0.00547625,0.00209025,-0.00191675,0.0018135,-0.000187,-0.00077275,0.007672,0.010393,-0.00703525
Berber*(Carthaginian*Period)*(760–540*BC),-0.069432,0.146236,0.003394,-0.073644,0.033237,-0.04016,-0.031256,0.006461,0.091627,0.033349,0.010555,-0.012139,0.02334,-0.01679,0.022122,-0.017104,0.001434,-0.025718,-0.053924,0.006878,-0.020464,-0.045381,0.023417,-0.015062,0.014609
Boisman*Culture*(Amur*River)*(5400–3600*BC),0.020361667,-0.45134622,0.080117,-0.044825222,-0.053343111,-0.042205444,0.012037778,0.013948333,0.011271444,0.026019333,-0.041463222,-0.0018981111,-0.00185,0.009909,-0.0097868889,-0.0074251111,-0.0033318889,0.004434,0.012080889,0.015285,0.00074877778,-0.032479333,-0.025840889,0.0017002222,-0.014250222
Botai*Culture*(3500–3100*BC),0.103579,-0.082935,0.090886,0.17646667,-0.083913,0.036720667,-0.043085333,-0.051305333,-0.029110333,-0.080305333,0.022950667,-0.0093416667,0.023934333,-0.069316,0.022756,0.019534667,-0.011560667,-0.0024916667,0.00025133333,-0.0025426667,-0.033067,0.021350667,0.024197667,0.004137,-0.0087416667
Bronze*Age*Aegean*(Cycladic*Culture)*(2830–2350*BC),0.1155305,0.1675625,-0.0194215,-0.0805885,0.018773,-0.0352795,-0.003995,-0.007846,0.00634,0.049386,0.005846,0.014837,-0.0231165,0.006468,-0.026126,-0.0061655,0.0157115,0.003927,0.008485,-0.010192,-0.010107,-0.003462,0.001109,0.0046395,-0.0026345
Bronze*Age*Aegean*(Helladic*Culture)*(2890–2760*BC),0.1161,0.176702,-0.000377,-0.091086,0.029236,-0.033188,-0.00423,-0.007846,0.027406,0.065241,0.002436,0.01169,-0.019921,0.004954,-0.030401,-0.019888,0.010691,0.003294,0.006662,-0.020635,-0.010482,0.002597,0.000863,0.007591,-0.003592
Bronze*Age*Anatolian*(Arslantepe)*(2860–2300*BC),0.10775233,0.15503733,-0.059836333,-0.084841333,-0.023902,-0.028726,0.000235,-0.010230333,-0.021679667,0.012695667,0.0045466667,0.0048956667,-0.009861,0.0045413333,-0.01036,-0.0043313333,0.008562,0.004392,0.0014243333,0.0019176667,-0.004118,0.0047813333,0.00036933333,-0.006346,-0.0012373333
Bronze*Age*Anatolian*(Devret*Höyük)*(3300–2500*BC),0.1044896,0.1578134,-0.0479698,-0.0814606,-0.0080628,-0.0345268,0.001034,-0.0088148,-0.0165662,0.0252942,0.005164,0.008932,-0.013677,0.0044866,-0.0202222,-0.0121982,0.0058934,0.0011148,0.0049272,-0.0085292,-0.0038932,0.0029428,-0.0042888,-0.0041452,0.0005028
Bronze*Age*Anatolian*(Göndürle*Höyük)*(2800–1800*BC),0.11572033,0.15774567,-0.039472,-0.080857667,-0.0047186667,-0.023148,-0.00094,-0.0060766667,-0.010703333,0.030555,0.0066036667,0.006944,-0.010852,-0.004312,-0.023389,0.0033586667,0.023556,-0.000169,0.0072903333,-0.0039603333,-0.004492,-0.0024316667,0.0030813333,-0.0013256667,-0.0044306667
Bronze*Age*Anatolian*(Topakhöyük)*(2700–2000*BC),0.099785,0.15165233,-0.045254667,-0.080965333,-0.003693,-0.024170333,-0.0020366667,-0.0071533333,-0.0092716667,0.026546,0.008011,0.0031473333,-0.014321,-0.0052756667,-0.014748,-0.0016353333,0.012777667,0.002407,0.0040223333,-0.002543,0.000208,0.0053583333,-0.003903,0.001968,-0.0033133333
Bronze*Age*Anatolian*(Yassıtepe)*(3100–2670*BC),0.1052865,0.1574075,-0.032621,-0.0712215,0.0073855,-0.024961,0.003055,-0.0102685,-0.0052155,0.0302515,0.001624,0.0107905,-0.0128595,0.0015825,-0.0183905,-0.0041765,0.0097135,-0.00076,0.0065365,-0.0053775,-0.0101075,0.0033385,-0.005731,-0.0001205,-0.007724
Bronze*Age*Upper*Mesopotamian*(Dinkha*Tepe)*(2000–1500*BC),0.0878714,0.141768,-0.0678816,-0.0858534,-0.0256046,-0.0293392,0.000329,-0.0077536,-0.0067084,0.00277,0.0073724,-0.0039562,0.0107928,0.0030552,-0.0021172,0.0091222,-0.0037552,0.0009376,0.003947,0.0007254,0.003968,0.0035118,-0.005472,-0.0021448,0.0058436
Bronze*Age*Upper*Mesopotamian*(Tatıka)*(3270–2500*BC),0.09418875,0.14318925,-0.06665625,-0.0799425,-0.019388,-0.03005025,-0.00188,-0.00738425,-0.014981,0.00154875,0.00499325,-0.00273525,0.00364225,0.00681225,-0.0075325,-0.00089475,-0.01258225,0.003357,0.00402225,-0.001657,0.00698775,0.00398775,-0.005053,-0.010905,0.000988
Bulgar*(Samovodene)*(AD*889–989),0.10927,0.072103,0.042992,0.010982,0.008001,-0.000837,0.00705,0.003692,-0.000205,0.002187,-0.001137,0.005245,0.001635,0.004404,-0.004614,-0.013524,-0.014603,0.003927,0.003645,0.006003,-0.012353,0.000866,-0.000986,-0.001687,0.001317
Byzantine*Anatolian*(Balıkesir)*(AD*600–1000),0.11296925,0.1436975,-0.006505,-0.03690275,0.01230975,-0.01136475,0.0066975,-0.00126925,-0.005778,0.00947625,0.001908,0.0030345,-0.00282475,0.00540175,-0.005904,-0.00928125,-0.003683,0.00383225,0.006285,-0.00731575,0.00021825,-0.003184,0.000647,-0.00177725,-0.001407
Byzantine*Anatolian*(Nicaea)*(AD*500–700),0.109017,0.15311922,-0.030798111,-0.066789222,0.0014703333,-0.026246667,0.00096611111,-0.0047435556,-0.0053176667,0.023670444,0.0041681111,0.0040631111,-0.0093821111,0.0034712222,-0.016573111,-0.0096495556,0.0015501111,0.00053477778,0.0081006667,-0.0075035556,-0.0058232222,0.0060865556,-0.0017253333,0.00044188889,-0.0016764444
Byzantine*Anatolian*(Oylum*Höyük)*(AD*773–881),0.110408,0.147252,-0.042992,-0.054264,-0.018157,-0.017291,0.00141,-0.017307,-0.019225,0.006378,0.009256,0.007793,-0.008474,0.000138,-0.014794,0.016309,0.019036,0.0019,-0.003394,0.001376,0.007112,0.005193,-0.012325,-0.009158,-0.003233
Byzantine*Anatolian*(Samantaşı)*(AD*491–717),0.10225117,0.150637,-0.032495333,-0.064223167,0.0007695,-0.024728167,-0.0027025,-0.0056151667,-0.0025565,0.0199245,0.0037891667,0.00059933333,-0.0048066667,0.002569,-0.014997,0.0035578333,0.01243,-0.0012036667,0.0060961667,-0.0056068333,-0.0025996667,0.00082433333,-0.00010266667,-0.0035748333,-0.0039916667
Byzantine*Anatolian*(Stratonikeia)*(AD*650–1300),0.1022132,0.1466424,-0.03066,-0.0596904,0.0001231,-0.021893,-0.00141,-0.003946,-0.0063813,0.0155811,0.0031015,0.0028323,-0.0046233,0.0025599,-0.0121876,0.0009548,0.0096224,-0.0003293,0.0039973,0.0002877,-0.004467,0.0011872,-0.0011215,0.0011567,-0.0029578
Byzantine*Dalmatian*(Tragurium)*(AD*700–900),0.113823,0.14598225,0.00329975,-0.02769725,0.02385075,-0.01359575,0.00170375,0.0023075,0.0009205,0.0190435,0.00032475,0.00753075,-0.012562,-0.004163,-0.0074985,0.010972,0.0166565,-0.0024705,0.003048,-0.00150075,-0.00427375,0.0017,0.000462,0.00286175,-0.00179625
Byzantine*Levantine*(Chhim)*(AD*500–705),0.085652,0.1457285,-0.04714,-0.08616025,-0.00861675,-0.03632525,-0.00452375,-0.00738425,0.00378375,0.00751725,0.00548075,-0.00490825,0.008771,-0.002064,-0.00522525,0.00586725,-0.0036835,0.00057,-0.00087975,-0.00306375,-0.00340025,0.006677,-0.00545375,-0.00198825,0.00029925
Byzantine*Levantine*(Ej-Jaouze)*(AD*488–620),0.084988,0.149283,-0.052419667,-0.084949,-0.010668333,-0.031049667,-0.0052483333,-0.008538,0.0061356667,0.007411,0.0041136667,-0.005845,0.013924333,0.0013303333,-0.0035283333,0.0054803333,-0.0032593333,0.00473,0.0049023333,-0.00058333333,-0.0031613333,0.002473,-0.0075593333,0.002169,0.001916
Byzantine*Slav*(Nicaea)*(AD*680–820),0.132035,0.137096,0.064488,0.037791,0.04647,0.010877,0.009635,0.019615,-0.005113,-0.012757,0.001786,-0.006594,0.012042,0.017891,-0.011265,0.000398,0.008866,-0.004434,-0.002765,-0.003377,-0.007112,-0.004204,0.007148,-0.005302,-0.00479
Byzantine*Slav*(Tragurium)*(AD*660–780),0.124067,0.141159,0.050157,0.024548,0.038161,0.015897,0.004935,0.012692,0.007567,-0.012939,0,-0.005995,0.02111,0.01968,-0.021444,-0.010209,-0.007823,0.003167,0.005028,-0.009755,-0.002121,-0.003215,0.002588,-0.001566,-0.005029
Byzantine*Upper*Mesopotamian*(Dara)*(AD*500–900),0.092765667,0.1370965,-0.060339333,-0.071436833,-0.021644833,-0.022404167,-0.0025066667,-0.0058073333,-0.013294167,0.0013365,0.006685,-0.0027475,0.0055995,0.001835,-0.0038001667,0.0070495,-0.0031075,0.0002745,0.0035195,-0.0040645,0.0022251667,0.0039363333,0.001438,-0.003434,0.0015566667
Canaanite*(Baqah)*(1550–1150*BC),0.088456786,0.14732436,-0.060985786,-0.10396021,-0.012089857,-0.038506857,-0.0063115714,-0.0098402857,0.014082857,0.007745,0.010787214,-0.011379286,0.0251555,0.0012780714,-0.0074936429,0.015219357,0.0014900714,0.0023619286,0.0035824286,0.006521,0.0060785,0.0066860714,-0.0055109286,0.001334,-0.0028142143
Canaanite*(Hazor)*(1800–1250*BC),0.086505667,0.15334467,-0.065996,-0.102176,-0.010566,-0.040904,-0.0067366667,-0.012076333,0.014998333,0.0086866667,0.00904,-0.012139,0.021655,0.001789,-0.010179,0.010518667,-0.005954,0.005321,0.003352,0.0095046667,0.0083603333,0.004699,-0.001643,-0.0023696667,-0.00083833333
Canaanite*(Megiddo)*(1800–1280*BC),0.084482,0.14465656,-0.062643889,-0.10267856,-0.014772,-0.037247222,-0.0040472222,-0.011743222,0.012271444,0.0085042222,0.0092741111,-0.0092917778,0.021308111,0.0056273333,-0.009395,0.004788,-0.0040273333,0.0012808889,0.0021228889,0.0075591111,0.0020242222,0.0043414444,-0.0053954444,-0.00013388889,0.0012241111
Canaanite*(Philistine*Period)*(1257–900*BC),0.083091,0.140143,-0.064676,-0.106106,-0.023389,-0.0396025,-0.0064625,-0.0132685,0.0163615,0.0127565,0.0043035,-0.007868,0.0179135,0.0030965,-0.0046825,0.008154,-0.0007825,-0.001774,-0.0002515,0.0015005,0.0034315,-0.000309,-0.0062855,0,0.0064665
Canaanite*(Sidon)*(1750–1650*BC),0.0819526,0.1470486,-0.060641,-0.1000658,-0.0099094,-0.040774,-0.003619,-0.0062306,0.0148892,0.0084558,0.0111076,-0.0113298,0.0221206,0.00556,-0.0091474,0.008751,0.0002348,-0.0010894,0.0011062,0.0035518,0.0046668,0.008334,-0.0037714,0.0015662,-0.0013414
Cantabri*(200–1*BC),0.126723,0.15334467,0.060088,0.0024763333,0.059806,0.000744,-0.00047,0.005461,0.035178,0.049082333,-0.0056296667,0.0059446667,-0.024479667,-0.014129333,0.010405333,-0.0026076667,-0.0078666667,0.0054476667,-0.005908,-0.0014173333,0.013642333,-0.000041333333,-0.011010333,-0.012531667,0.00008
Carian*(750–480*BC),0.112002,0.1573055,-0.0310748,-0.0689605,0.0061856,-0.0257975,0.001081,-0.0070845,-0.0048268,0.0324928,0.0028742,0.0071936,-0.0149105,-0.0031102,-0.0180373,0.0013126,0.0192708,0.0012923,0.0058449,-0.0050525,-0.0064013,0.0036601,-0.0008628,0.0012169,-0.0011495
Catacomb*Culture*(2500–1950*BC),0.11695325,0.08835125,0.040352,0.1065905,-0.0310825,0.0478995,0.002115,-0.0028845,-0.05685775,-0.0759925,0.0002435,0.003597,0.0018955,-0.021263,0.03521925,0.00454125,-0.009355,-0.00167875,-0.0021055,0.01100525,-0.0024645,0.0020715,0.01506675,0.02190075,-0.00604725
Caucasian*Albanian*(AD*206–347),0.100164,0.106631,-0.054682,-0.012274,-0.046778,0.001952,-0.003995,-0.003923,-0.04704,-0.014579,-0.002761,0.005545,-0.012042,0.00812,0.014115,0.002121,-0.005737,0.000127,0.004902,-0.013506,-0.004492,0.003957,-0.006655,0.004579,-0.008143
Caucasian*Mercenary*(Himera)*(480*BC),0.111547,0.126941,-0.043369,-0.01615,-0.035083,0.006414,0.00423,-0.004615,-0.065243,-0.036994,0.001299,0.007044,-0.025272,0.003716,0.014794,-0.012331,0.008214,-0.003294,-0.021871,0.011255,0.008485,-0.005441,0.001602,-0.01205,-0.007185
Celtiberian*(Iron*Age)*(370–190*BC),0.1252055,0.1477595,0.066939,0.0121125,0.0604725,0.0046015,-0.002585,0.0040385,0.026179,0.033896,-0.0002435,0.0095165,-0.0165015,-0.0088075,0.009772,-0.0012595,-0.0099745,-0.000317,0.002514,-0.0046275,0.008485,0.0037715,-0.006347,-0.0103625,-0.0072445
Central*Siberian*(Bronze*Age)*(2400–2000*BC),0.037562,-0.424491,0.154997,0.001938,-0.14495,-0.085341,0.019506,0.031845,0.028633,0.005832,0.086878,-0.00015,0.011298,-0.04803,-0.045466,-0.027711,0.000261,0.006714,0.004148,-0.009379,0.026204,0.001607,0.002218,0.004338,0.008502
Chorni*Klobuky*(Suzdal)*(AD*1144–1214),0.070001,-0.178733,0.052797,0.007106,-0.0438545,-0.0110165,0.0047,0.0119995,-0.010942,-0.0073805,-0.0178625,-0.002173,0.00171,-0.0099775,0.0026465,0.002254,-0.0065845,0.002597,0.011753,0.0106925,-0.020713,-0.000804,-0.0109075,-0.0024705,-0.001497
Christophorus*Corvinus*(Hunyadi*Family)*(AD*1499–1505),0.113823,0.135065,0.036204,-0.009367,0.025543,0.00251,0.004465,-0.001846,0.006136,0.02442,-0.00065,0.007343,-0.013974,-0.00055,0.005157,0.002519,0.000782,-0.003674,-0.003897,-0.002376,-0.005241,-0.001978,0.000246,-0.002169,-0.005987
Chumash*(AD*450–1300),0.054863,-0.3196886,0.1169828,0.0918612,-0.1096202,-0.0171238,-0.2805088,-0.3358938,-0.012108,-0.0206656,-0.0025982,-0.001349,0.0047274,0.0151112,-0.0087404,0.0047202,0.0020338,0.0010134,0.002891,0.0000252,0.0003744,0.0020526,0.0026128,-0.0013014,0.0013172
Cimmerian*(1000–800*BC),0.10130267,-0.026742333,0.049026,0.050603333,-0.031903,0.013107667,0.0019583333,0.0047693333,-0.022497667,-0.025756,-0.011421333,-0.00094933333,0.0016353333,-0.018487333,0.021353,0.0078226667,-0.0027816667,0.0044763333,-0.00054466667,-0.0076286667,-0.017095,0.002968,0.0042723333,0.001888,0.0062266667
Classical*Greek*(Empuries)*(400–350*BC),0.118376,0.156392,-0.002263,-0.063308,0.024312,-0.024821,0.0094,-0.008077,0.001432,0.044101,0.004222,0.005095,-0.016353,-0.001651,-0.019272,-0.004641,0.014733,-0.001267,0.004399,-0.003377,-0.020464,0.003462,-0.000739,0.011809,-0.007544
Classical*Greek*(Himera)*(480–409*BC),0.11870114,0.16204943,-0.00598,-0.061462286,0.025279429,-0.025737571,-0.0023837143,-0.0028021429,0.0066325714,0.043814857,0.004083,0.0099768571,-0.018540143,-0.0035782857,-0.018574286,-0.0092622857,0.011995286,-0.000398,0.0077751429,-0.008647,-0.010249714,0.005317,-0.00091557143,0.0060247143,-0.0047044286
Colchian*(Kingdom*of*Pontus)*(323–31*BC),0.108132,0.132019,-0.062979,-0.030685,-0.047701,-0.002231,0.002585,-0.007384,-0.061766,-0.029522,-0.000325,0.014087,-0.026313,0.01101,0.003257,-0.03275,0.008084,-0.009248,-0.00905,0.018884,0.017095,0.005812,0.004807,-0.020967,-0.002634
Colonial*African*(Campeche)*(AD*1540–1680),-0.626027,0.061947,0.022627,0.015181,0.004001,0.006136,-0.003055,0.014769,-0.028838,0.013303,0.001461,-0.003147,0.003568,-0.002752,0.002714,0.01896,-0.003651,0.003674,-0.003645,0.00075,-0.001622,0.000866,0.001725,0,0.002634
Colonial*Spaniard*(Campeche)*(AD*1540–1680),0.106994,0.145221,0.04186,-0.008721,0.035699,-0.005857,-0.009165,0.005077,0.011862,0.023873,-0.008931,0.006744,-0.011001,-0.008257,0.010858,-0.002254,0.006258,-0.005194,-0.004022,0.003502,-0.005241,-0.008903,0.000986,-0.001687,-0.005868
Copper*Age*Anatolian*(Barcın*Höyük)*(4000–3700*BC),0.114961,0.150298,-0.038089,-0.063308,-0.004924,-0.017291,0.00376,-0.007846,-0.011658,0.022233,0.010718,0.014087,-0.018731,-0.005367,-0.008686,-0.012066,0.011474,-0.006208,-0.003142,-0.011631,0.004617,0.009769,-0.006655,-0.001325,-0.007424
Copper*Age*Anatolian*(Çamlıbel*Tarlası)*(3700–3370*BC),0.10941238,0.15715325,-0.049780125,-0.087977125,-0.0059625,-0.033153125,0.005522625,-0.00796125,-0.012348125,0.0261965,0.004689,0.005938625,-0.009681625,0.007586375,-0.02502325,-0.01067325,0.011424875,0.001060875,0.003299625,-0.006894,-0.000686375,0.004621625,-0.006501375,-0.004187375,-0.001766375
Copper*Age*Anatolian*(İkiztepe)*(3960–3100*BC),0.106709,0.14699775,-0.05411675,-0.07840825,-0.01077075,-0.02579725,0.000646,-0.003923,-0.027662,0.0235085,0.01144825,0.00813025,-0.0174675,0.01331475,-0.0231065,-0.00759075,0.01382075,-0.00570075,0.01055875,-0.00881675,-0.00037425,0.00027825,0.002465,-0.0124715,0.00134725
Copper*Age*Anatolian*(Ilıpınar)*(4500–3370*BC),0.11154667,0.15706867,-0.034820667,-0.078812,0.0013336667,-0.029004333,-0.00094,-0.0057686667,-0.0030676667,0.032134333,0.010988667,0.010041,-0.014221667,0.002294,-0.025606,-0.0068506667,0.011560667,0.003674,0.0082123333,-0.0068366667,-0.0029946667,-0.001154,-0.001479,-0.0023696667,0.0011573333
Corded*Ware*Culture*(2500–2350*BC),0.12254956,0.11114411,0.059124222,0.083513444,0.0063943333,0.031824444,0.0061623333,0.0026665556,-0.026997111,-0.041853556,-0.005792,0.0017652222,-0.0041295556,-0.01653,0.026405333,0.011019778,-0.0058238889,-0.0016186667,-0.00019555556,0.0071562222,0.0043118889,0.0033935556,0.0059981111,0.013134222,-0.002009
Crimean*(Bosporan*Kingdom)*(AD*260–400),0.103579,0.127957,-0.00792,-0.039083,-0.013233,-0.016176,-0.00846,-0.001846,-0.022498,-0.005285,0.012017,0.00045,-0.008028,0.002064,-0.00095,-0.002652,-0.000391,-0.007475,-0.010936,-0.001126,0.010107,0.013107,0.004807,0.012773,-0.003353
Cucuteni-Trypillia*Culture*(3800–3640*BC),0.12470744,0.16864131,0.033139375,-0.04497775,0.062684875,-0.025431375,-2.3039296e-19,0.00275475,0.038092562,0.05871425,0.00402925,0.00648175,-0.01233875,0.00031825,-0.025803812,-0.0002901875,0.01628175,0.0036579375,0.0082410625,-0.0032671875,-0.00068625,0.0056494375,-0.0077878125,-0.016432937,0.000673625
Cushitic*(Elmenteitan*Culture)*(800*BC–AD*550),-0.28683417,0.091905333,-0.027466833,-0.073267167,0.001744,-0.038254333,-0.011241333,-0.0027306667,0.12285083,-0.082492333,-0.0057106667,-0.0068188333,-0.0033943333,-0.0005735,0.020901,-0.019424333,0.0188405,0.0042653333,0.0082541667,-0.0015423333,0.0041176667,0.0031736667,-0.0072716667,-0.0033335,0.0030736667
Cushitic*(Savanna*Pastoral*Neolithic)*(1400*BC–AD*340),-0.3006068,0.0956629,-0.0250785,-0.0743869,0.0003385,-0.0362559,-0.0101524,-0.002123,0.1225915,-0.0874003,-0.0083956,-0.0098163,-0.0021853,-0.0020094,0.0224888,-0.0214,0.0221653,-0.0006208,0.0072906,-0.0032642,0.0019091,0.002943,-0.0025882,-0.0016387,-0.0006825
Dark*Age*Greek*(Tiryns)*(991–835*BC),0.124067,0.161469,-0.008297,-0.067184,0.044624,-0.032072,0.000235,-0.002538,0.012885,0.051937,-0.000325,0.012589,-0.013825,0.000275,-0.023887,0.005436,0.026338,-0.005574,0.005405,-0.012506,-0.018967,0.000124,0.006655,0.003615,-0.000359
Darkveti-Meshoko*Culture*(4600–4400*BC),0.102441,0.135065,-0.068259,-0.035853,-0.053856,0.008367,0.017861,-0.007154,-0.083446,-0.040092,0.009581,0.011989,-0.030624,0.003441,0.002307,-0.022142,0.015125,-0.005321,-0.011816,0.019509,0.024582,0.000495,-0.008134,-0.018195,-0.003113
Daunian*(570–406*BC),0.1257745,0.1502985,0.0297925,-0.0163115,0.03139,0.0051595,0.0017625,-0.0077305,0.020759,0.035536,-0.000325,0.0038215,-0.008325,-0.0081885,-0.0139795,0.000199,0.000065,0.0048775,0.003708,0.003877,-0.001123,0.0104485,0.001602,-0.003434,-0.00473
Deer*Stone-Khirigsuur*Complex*(1400–970*BC),0.047734563,-0.33645769,0.083272875,0.020732562,-0.078322312,-0.029388062,-0.0015275,-0.0015288125,0.0021858125,-0.005774625,-0.016330125,-0.00310975,0.0041624375,-0.020135875,0.0049538125,0.0001989375,-0.002738125,1.25e-7,0.0011940625,0.013318937,-0.03441575,0.006344875,-0.0079340625,-0.0060323125,-0.000336875
Dmitry*Alexandrovich*(Rurik*Dynasty)*(AD*1250–1294),0.104717,0.016248,0.035449,0.015504,-0.010156,0.000558,0.00376,0,-0.02168,-0.015672,-0.007632,0.003597,-0.006095,-0.005643,0.003122,-0.00305,-0.002217,-0.003041,-0.004777,0.005503,-0.005989,0.002597,0.000493,0.00253,-0.00455
Early*Medieval*Bohemian*Slav*(AD*500-941),0.1303275,0.135954,0.067221875,0.050711,0.0417,0.014885625,0.009929125,0.010528375,0.000434625,-0.014077875,-0.003592625,-0.00430875,0.012450375,0.022105625,-0.00934775,-0.00086175,0.008784625,-0.002565375,-0.000062875,0.004158375,-0.004897625,-0.003493,0.007425625,-0.0051665,-0.000404
Early*Medieval*Iberian*(L’Esquerda)*(AD*785–801),0.1212215,0.1497905,0.042992,0.0075905,0.054164,-0.003765,-0.0005875,0.005538,0.0270995,0.0268795,-0.001786,0.003822,-0.005426,-0.0070875,0.008754,0.0076905,-0.0097785,0.0048775,-0.0055935,0.0097545,-0.002745,0.0087795,-0.0074565,0.006748,-0.0011975
Early*Medieval*Iberian*(Monte*da*Nora)*(AD*683–884),0.083090667,0.14454367,0.023507333,-0.023040667,0.033647333,-0.0090173333,-0.010262,-0.00053833333,0.028974333,0.02934,-0.002057,0.0016486667,-0.004757,-0.0084406667,0.009817,-0.002961,-0.0033466667,-0.0059543333,-0.0080026667,0.001334,-0.001872,-0.0056056667,0.0041903333,-0.0041773333,-0.00012
Early*Medieval*South*Italian*(Venosa)*(AD*650–800),0.108945,0.14202914,-0.0062494286,-0.040236571,0.013321143,-0.015339,-0.00097371429,-0.0013188571,0.0045578571,0.023195857,-0.0017165714,0.0024407143,-0.0043322857,-0.006488,-0.0078911429,-0.00058714286,0.00091271429,-0.0034024286,-0.0017777143,0.00035714286,-0.0037077143,-0.00021185714,-0.0029755714,0.0014631429,-0.0019331429
Early*Medieval*Suzdal*(AD*810–1033),0.11752225,0.06727875,0.08579525,0.08050775,0.02038825,0.018546,0.00945925,0.01286475,-0.0006645,-0.033395,0.00686075,-0.0133755,0.023637,0.014003,-0.0143185,-0.0001325,0.0082795,-0.005954,-0.000534,0.0051585,-0.0005925,-0.004575,0,-0.00536225,0.000898
Early*Norse*(Greenland)*(AD*900–1200),0.127482,0.120848,0.0693905,0.0573325,0.035391,0.0220325,-0.0008225,0.0070385,0.0040905,-0.0066515,-0.004709,0.002248,-0.0123385,-0.006675,0.021444,-0.0088835,-0.022426,0.0017735,0.0060335,0.0023135,0.0079235,0.0058735,-0.0000615,0.012652,0.0001795
Early*Xiongnu*(350–50*BC),0.067762667,-0.1993146,0.052796933,0.027045867,-0.0584518,-0.0057266,0.0058752667,0.0050768,-0.0131442,-0.0171788,-0.0174406,-0.0035568,-0.00018833333,-0.011459533,0.013508667,0.0023158667,-0.0099006,0.0022718667,0.0015418,0.0043604667,-0.0180766,-0.0004286,-0.0044534,0.0013496,0.0024348667
East*Siberian*(Late*Neolithic)*(2250–1750*BC),0.03556975,-0.42093675,0.13500925,-0.003876,-0.1435655,-0.07369675,0.0226785,0.0347295,0.022293,0.0030525,0.062357,0.00292225,0.002899,-0.0308275,-0.02863675,-0.019623,0.00192275,0.01247875,0.02419675,0.006222,0.027545,-0.02482325,0.004745,0.00732,0.01044825
Eastern*Armenian*(Arsacid*Period)*(AD*71–275),0.102766,0.13883743,-0.056083286,-0.058463,-0.031170571,-0.019283286,0.0066807143,-0.0073512857,-0.030766143,-0.0057272857,0.0022732857,0.0042175714,-0.0080701429,0.0053672857,-0.0025205714,-0.0074627143,-0.0023097143,0.0017374286,0.002514,-0.0025548571,0.0028165714,0.00019428571,0.00035214286,-0.0016354286,0.0021211429
Eastern*Armenian*(Artaxiad*Period)*(77*BC–AD*9),0.1001645,0.13760425,-0.0584535,-0.05660575,-0.03316,-0.012899,0.0055225,-0.005365,-0.02970725,-0.00865625,0.00341,-0.000487,-0.0026015,0.00244275,-0.00322325,0.0035135,0.00756225,0.00025325,-0.00047125,-0.00115675,0.0033065,-0.003895,-0.00055475,-0.0044885,-0.00257475
Eastern*Armenian*(Orontid*Period)*(390–283*BC),0.10244067,0.13777367,-0.050408667,-0.055556,-0.027902667,-0.014037667,0.00376,-0.003154,-0.031224,-0.006378,0.00341,0.002148,-0.0060453333,0.009175,-0.0043433333,-0.015822333,-0.010822,-0.0010556667,0.0030586667,-0.001584,0.00045733333,0.000948,0.001602,-0.004378,0.001956
Eastern*Turk*(Eastern*Steppe)*(AD*650–770),0.047806,-0.29653467,0.074292667,-0.0069983333,-0.066063667,-0.025286,0.011672,0.009538,0.004704,0.004799,-0.019865667,0.0038466667,-0.006095,-0.006606,0.0014023333,0.010386333,0.0030423333,0.00084466667,0.0017596667,0.012130667,-0.018218,-0.000495,-0.012858667,-0.005583,0.0022353333
Eblaite*(2500–1900*BC),0.091472273,0.14826727,-0.064899,-0.095490636,-0.014156364,-0.037269818,-0.003931,-0.0078878182,0.0010970909,0.0088300909,0.0095512727,-0.0035150909,0.008933,0.00005,-0.010832909,0.0025673636,-0.0012445455,0.00014972727,0.0037595455,-0.00015927273,0.0010322727,0.0050921818,-0.0017143636,-0.0017856364,-0.00049
Egyptian*(Achaemenid*Period)*(570–400*BC),0.037562,0.14319,-0.050911,-0.109821,0.000615,-0.045459,-0.009635,0.001154,0.044995,0.006196,0.012991,-0.020382,0.0388,0.001101,-0.000407,0.005436,-0.002999,-0.002914,-0.004399,0.018259,0.013975,0.002968,0.001356,0.005302,-0.003353
Egyptian*(Hellenistic*Period)*(100-1*BC),0.0387,0.159438,-0.053551,-0.102714,-0.000923,-0.058288,-0.025146,-0.006923,0.050926,0.005103,0.013641,-0.021581,0.034935,-0.002477,0.003122,-0.017237,-0.025816,0.008615,-0.001257,-0.00025,0.000749,0.009274,-0.009613,0.000723,-0.007185
Egyptian*(Roman*Period)*(AD*100–300),0.055773,0.153345,-0.049403,-0.099161,-0.004616,-0.044344,-0.013866,-0.010846,0.038246,0.002005,0.002273,-0.013938,0.024826,0,-0.0019,0.003315,-0.002738,-0.002027,-0.006285,0.00963,0.003619,-0.000371,0.001972,0.001446,-0.008143
Egyptian*(Third*Intermediate*Period)*(780–560*BC),0.050651,0.148775,-0.043746,-0.120803,0.0006155,-0.048527,-0.014923,-0.003346,0.048063,0.0103875,0.007957,-0.0140125,0.030921,-0.001101,-0.00285,-0.0043755,-0.008279,0.0003165,-0.005531,0.0100675,0.007175,0.0014835,0.0031425,0.001747,0.0015565
Empress*Ashina*(AD*551–582),0.026179,-0.41332,0.086738,-0.043928,-0.03416,-0.021196,0.00329,0.025845,-0.002454,0.012028,-0.029555,-0.01154,0.003865,-0.006881,0,0.008221,-0.002217,0.003674,-0.001257,0.02176,-0.01672,-0.00643,-0.012941,-0.005543,-0.000838
Estonia*(Iron*Age)*(790–40*BC),0.12937883,0.10781533,0.094280333,0.091624333,0.043751667,0.031003167,0.0073245,0.011537667,-2.8912058e-19,-0.036903,0.0040056667,-0.014037667,0.023612333,0.013372333,-0.0048181667,0.0073808333,0.0106695,-0.0030405,0.0033308333,0.0138815,0.0050743333,-0.001793,0.002198,-0.010483333,-0.0007585
Etiuni*(1050–750*BC),0.10642458,0.12706813,-0.041074667,-0.017334333,-0.035480792,0.000767,0.0070990833,-0.00495175,-0.049784542,-0.025733208,0.00039233333,0.005008,-0.0095081667,-0.0036985,0.0072272083,-0.0035909583,0.0031129583,0.000739,-0.000057708333,0.0026574583,0.0066549167,0.0026947083,0.0010065,-0.000717875,-0.000848125
Etruscan*(Pierini*Tomb)*(780–540*BC),0.128051,0.152837,0.0443115,-0.011628,0.0513945,-0.0149205,0.00282,-0.0004615,0.0232135,0.0497505,0.000406,0.0086175,-0.022522,-0.006606,-0.0031215,-0.0079555,-0.0111475,0.0055745,0.007542,-0.007879,0.00156,0.0053175,-0.003266,-0.011327,0.00006
Etruscan*(Tarchna)*(360*BC–AD*50),0.12535713,0.1571362,0.037938467,-0.014879533,0.046346933,-0.0088873333,0.00025066667,-0.0005076,0.023329333,0.045729067,0.00027073333,0.010390733,-0.021377333,-0.0060827333,-0.0020721333,-0.0058516,0.00052153333,0.0025168,0.003972,-0.0072951333,-0.00036613333,0.0041546667,-0.0035248667,-0.005093,-0.00026353333
Etruscan*(Vetluna)*(800–410*BC),0.12084233,0.154699,0.035700833,-0.022825333,0.048726833,-0.008971,-0.00070516667,0.00084616667,0.024917833,0.049568167,-1.6666667e-7,0.0098911667,-0.0228935,-0.0089683333,-0.0046823333,0.00015466667,0.0070406667,0.004941,0.0029328333,-0.0051483333,-0.0012476667,0.0083465,-0.0063678333,-0.0076111667,0.00033933333
Etruscan*(Villanovan*Culture)*(900–770*BC),0.1263435,0.1523295,0.0388435,-0.020672,0.056318,-0.008088,0.0051705,-0.0063455,0.016362,0.0443745,0.0014615,0.0048705,-0.0211095,-0.0152075,-0.0105185,0.0091485,0.0258815,0.0019005,0.003394,0.004377,-0.001435,0.0033385,-0.003266,-0.003615,-0.013412
Fatyanovo*Culture*(2900–2050*BC),0.12169174,0.11466652,0.057256696,0.07747787,0.013567696,0.02876213,0.0031163913,0.0071133913,-0.018549435,-0.024760304,-0.0027535217,0.0036424348,-0.0085512174,-0.014941174,0.02167987,0.0087393478,-0.004642913,-0.00028643478,-0.0011531304,0.0051274348,0.001671,0.0042418261,0.0018165652,0.0093935652,-0.0034833043
Frisii*(170–1*BC),0.134311,0.120848,0.072407,0.049096,0.03416,0.019522,0.009165,0.005769,-0.004704,-0.008565,-0.009743,0.006594,-0.013231,-0.005918,0.019272,0.019491,0.009388,0.00228,0.008547,0.007629,0.004866,0.006925,0.011832,0.015785,-0.001078
Funnelbeaker*Culture*(3950–2800*BC),0.1269125,0.163754,0.0546825,-0.02575925,0.082015,-0.02217175,-0.00064625,0.0075575,0.0575735,0.07034325,0.0005685,0.0101535,-0.0210355,-0.00726,-0.00963625,0.0144855,0.01854725,0.00183675,0.00562525,-0.0003125,0.011386,0.00398775,-0.01432775,-0.02545525,-0.00541875
Gallo-Roman*(AD*130–550),0.125395,0.14166633,0.055499833,0.025893833,0.042674667,0.0067863333,0.0015275,0.0033076667,0.015884833,0.019043333,-0.0060353333,0.0042463333,-0.011248833,-0.012271333,0.010902667,-0.0005745,-0.0061063333,-0.0012035,0.0029331667,-0.00041683333,0.003577,0.0020816667,-0.0052586667,0.003655,-0.0010976667
Gandhara*(Indo-Greek*Period)*(200*BC–AD*8),0.0589035,-0.02234175,-0.12765525,0.0799425,-0.08701625,0.048527,0.0019975,0.00386525,-0.0041415,-0.00250575,-0.00592725,0.00093675,-0.002193,-0.00519525,0.0066165,0.01127025,0.00658425,0.002217,0.00059725,-0.0085665,0.0021835,-0.008841,0.00018475,-0.0035545,0.00640625
Gandhara*(Mauryan*Period)*(400–200*BC),0.067806,-0.011751,-0.11259743,0.077889143,-0.075706286,0.044861857,0.0022492857,0.0063292857,-0.0064864286,-0.0080965714,-0.0061011429,0.0017342857,-0.00010614286,-0.0078245714,0.009229,0.0063832857,-0.000149,-0.0028777143,-0.000035857143,-0.0093258571,-0.0036897143,-0.0051582857,0.0014261429,-0.0044928571,0.0013
Gandhara*(Saka-Parthian*Period)*(47*BC–AD*52),0.069432,-0.005078,-0.108611,0.075582,-0.080323,0.040718,0.001175,0.000692,-0.012476,-0.014397,-0.012179,0.004046,-0.001784,-0.012111,0.016151,0.015778,-0.002347,-0.003801,-0.000126,-0.004627,-0.001622,-0.004575,-0.010846,0.007591,0.013412
Gandhara*Grave*Culture*(1200–800*BC),0.067856038,-0.0012108205,-0.11177281,0.068658205,-0.081206436,0.043020731,0.0039076538,0.0011478974,-0.018150179,-0.014363936,-0.0054004615,0.0013833718,-0.0018849231,-0.0086843462,0.011974641,0.011793641,-0.0012787564,0.00057167949,0.00054470513,-0.0098556538,-0.00083030769,-0.0063744487,0.0014520641,-0.0055891923,0.0035585897
Gaul*(Bohemia)*(400–180*BC),0.12817007,0.13737986,0.058216907,0.03608586,0.041796628,0.0092812326,0.0032627209,0.0047385581,0.0079954651,0.010095023,-0.0043694651,0.0055032093,-0.011180628,-0.0095247674,0.009348907,0.006015907,-0.00027595349,0.0017147209,0.0024263023,0.0024372558,0.0024926977,0.0032035349,-0.0026283953,0.0014543721,-0.00097467442
Gaul*(Bratislava*Oppidum)*(190–1*BC),0.12748175,0.14649025,0.054494,0.02543625,0.0435465,0.00976125,-0.00146875,0.001442,0.00986825,0.02132175,-0.00251675,0.005358,-0.01204125,-0.00626175,0.0066505,-0.00006625,-0.00342275,0.00345225,0.0061905,-0.0019385,0.0012165,0.003493,-0.0025575,-0.001777,0.0046105
Gaul*(Etruria)*(770–101*BC),0.12824067,0.14285133,0.054179667,0.021748667,0.046059667,0.007158,0.0034466667,0.0060766667,0.013771333,0.018102,-0.0048176667,0.0027473333,-0.013082,-0.0048166667,0.009048,-0.0064526667,-0.015646,-0.00046433333,0.005489,-0.003043,0.001539,-0.00024733333,-0.0039436667,-0.00080333333,0.0051093333
Gaul*(Faux-Vesigneul)*(300–200*BC),0.1277096,0.1367916,0.057624,0.0362406,0.0469625,0.0108209,0.005499,0.0028846,0.0085288,0.0121734,-0.0034263,0.0071935,-0.0125322,-0.008794,0.0130562,-0.0031025,-0.0104828,0.0017104,0.0024637,-0.0009129,0.0050038,0.0049585,-0.0013803,-0.0012772,-0.0015806
Gaul*(Pannonian*Basin)*(320–100*BC),0.12882695,0.14457455,0.047088727,0.014197318,0.043924182,0.0029156818,0.0019227727,0.0041536364,0.011964727,0.021744045,-0.0037423636,0.0055791364,-0.012027955,-0.00043163636,-0.0018816364,0.0014164091,0.0048954091,-0.00011513636,0.0028052727,-0.00016481818,0.000017,0.0040300455,-0.0011876818,-0.0054224091,-0.0034725909
Gaya*Confederacy*(Korea)*(AD*300–500),0.015556,-0.43566217,0.014079333,-0.059539667,0.040007333,0.013991,0.003486,0.0034615,-0.0073628333,0.010660833,-0.068392667,-0.007893,0.011546,-0.0042663333,-0.008098,-0.0056793333,0.000239,-0.0012246667,-0.000083666667,-0.0082748333,0.019798333,-0.013642833,0.0058545,0.0019076667,-0.025506667
Gepid*(Viminacium)*(500–600*AD),0.092197,0.005078,0.039221,0.002907,0.00954,-0.001673,0.00517,0.008307,0.00634,0.010752,-0.014615,-0.00015,-0.00446,-0.010735,0.002579,-0.006232,-0.00326,0.005194,0.007919,-0.001876,-0.004243,0.016199,0.005793,0.006025,-0.002515
Glazkovo*Culture*(Baikal)*(2600–1700*BC),0.043072947,-0.36297158,0.10527616,0.022457,-0.10539611,-0.049011316,-0.0047248947,-0.000072842105,0.0076212632,-0.0051123158,0.0094954737,-0.0017983684,0.0040215263,-0.032819368,0.003643,-0.00054431579,-0.0054417895,-0.0025939474,0.011061421,0.016948947,-0.043173842,0.014395842,0.0097431053,-0.010559474,-0.0089936842
Gleb*Svyatoslavich*(Rurik*Dynasty)*(AD*1052–1078),0.120652,0.123895,0.060716,0.047158,0.023697,0.010598,0.00705,0.006231,-0.004295,-0.016037,-0.001786,-0.004496,0.013974,0.026148,-0.016015,-0.003315,-0.016559,-0.002534,0.005405,0.003752,-0.001872,0.002844,0.006532,-0.006627,0.006945
Globular*Amphora*Culture*(3400–2800*BC),0.12714712,0.16863765,0.060672059,-0.020007,0.084486412,-0.018045824,0.0017970588,0.0076965294,0.053416824,0.070729059,0.00042982353,0.010032235,-0.015775588,-0.0062496471,-0.0097957647,0.00054594118,0.0038961176,0.0062076471,0.0059078235,-0.0021407647,0.0099750588,0.0079719412,-0.014144588,-0.02685,0.00061994118
Golden*Horde*Warrior*(Central*Steppe)*(AD*1260–1370),0.040976,-0.410274,0.097297,-0.030685,-0.083092,-0.052989,0.019036,0.02723,0.01268,0.022051,-0.023871,0.005395,-0.005203,0.014588,0.006379,-0.003447,0.009518,-0.001394,0.003645,0.021885,-0.026079,-0.016075,-0.029703,-0.000964,-0.003592
Goth*(Wielbark*Culture)*(AD*40–210),0.13380544,0.13066478,0.074879333,0.061728889,0.042640222,0.022899889,0.0064496667,0.0090508889,0.0044313333,-0.0097798889,-0.0055754444,0.0043627778,-0.0075322222,-0.0035782222,0.018593889,0.0097821111,0.00033311111,0.00061944444,0.0015783333,0.0051273333,0.0096914444,0.0033112222,-0.00038333333,0.012692667,-0.00059866667
Hallstatt*Culture*(1200–530*BC),0.12913745,0.13922,0.058008182,0.031360364,0.046078636,0.0068708182,0.0039096364,0.0050139091,0.011025727,0.013502182,-0.0059345455,0.0035014545,-0.0092709091,-0.0059804545,0.0069340909,0.0070392727,0.0024536364,0.0010250909,0.004868,0.0027058182,0.0031875455,0.0040018182,-0.00088509091,-0.0065505455,0.00016336364
Hellenistic*Anatolian*(Kingdom*of*Pontus)*(323–31*BCE),0.097888,0.151314,-0.0445,-0.069768,-0.002154,-0.024263,0.0047,-0.001615,-0.019225,0.016583,0.005359,0.003897,-0.000595,0.002752,-0.014251,-0.013259,-0.00326,-0.001014,0.006536,-0.011506,-0.000125,0.002102,0.000863,-0.000843,0.003233
Hellenistic*Greek*(Empuries)*(400–200*BC),0.117238,0.159438,-0.017725,-0.065246,0.026466,-0.032909,-0.002585,-0.000462,0.007976,0.044283,0.001299,0.014087,-0.014866,0.005505,-0.017644,-0.024927,-0.008866,0.00038,0.00817,-0.016883,-0.002745,0.000866,0.008997,0.003856,-0.013532
Hellenistic*Levantine*(Beirut)*(199–37*BC),0.062603,0.145221,-0.059962,-0.090117,-0.011079,-0.033746,-0.001645,-0.019384,0.004909,0.006743,0.004872,-0.005095,0.021556,-0.00523,-0.0076,0.002254,-0.007041,0.005194,0.005154,-0.0005,0.00025,0.00779,-0.00419,-0.007471,-0.002155
Heshui*Mohe*(AD*1053–1223),0.021626,-0.425507,0.035449,-0.056202,0.010771,-0.000837,0.011986,0.009,-0.002863,0.013121,-0.068853,-0.007493,0.013082,-0.002202,-0.012351,0.005834,-0.001304,0.006841,0.00088,0.002751,0.004742,-0.00915,-0.001356,-0.003735,-0.001676
Hittite*(1750–1500*BC),0.101872,0.151314,-0.036769,-0.075582,0.0007695,-0.0244025,-0.0055225,-0.0055385,-0.0068515,0.029249,0.007632,0.007343,-0.0144945,0.0022015,-0.014183,-0.0044415,0.012582,-0.00095,0.009553,-0.0118185,-0.0048665,0.007543,-0.003882,0.003193,-0.0054485
Hongshan*Culture*(West*Liao*River)*(3550–3050*BC),0.016504,-0.4412475,0.0499685,-0.0518415,-0.0081555,-0.016036,0.0057575,0.009692,0.005522,0.0112075,-0.076079,-0.0072685,0.008325,-0.002684,-0.0088895,-0.002851,-0.0022165,0.0055745,0.0039595,0.007816,0.0015595,-0.004142,-0.0080725,-0.000482,-0.0019755
Hun*(AD*344–500),0.046952,-0.32547725,0.06382775,-0.01138575,-0.046701,-0.0192435,0.0045825,0.005019,0.00444825,-0.00223225,-0.0318685,-0.00367175,0.002044,-0.0058145,0.00441075,0.00112725,-0.00058675,-0.001552,0.0007855,0.0075975,-0.018592,-0.0017005,-0.00976725,0.001988,0.0015565
Iberian*(Iron*Age)*(560–100*BC),0.1264574,0.1476579,0.057624,0.0025194,0.059334,-0.0044902,-0.0039246,0.0037153,0.0343395,0.0467437,-0.0049042,0.0130233,-0.0224329,-0.0135146,0.0098397,0.0045612,0.0069496,-0.0002532,0.0044122,-0.0017008,0.0044172,-0.0008284,-0.0059158,-0.0131584,-0.0008742
Imperial*Roman*(Etruria)*(AD*140–460),0.1050015,0.150806,-0.004714,-0.045543,0.018311,-0.02405425,0.00123375,-0.00201925,0.0139075,0.029568,0.0049935,0.005133,-0.00769325,-0.00285575,-0.0021715,-0.00729225,0.00189075,-0.00167875,-0.002797,-0.0067535,-0.00053025,0.0047295,0.0018795,0.0018375,0.00607725
Imperial*Roman*(Latium)*(20*BC–AD*400),0.1115467,0.1483687,-0.0130484,-0.0458983,0.0081553,-0.0164825,-0.000752,-0.0056304,0.0011453,0.016474,0.0020784,0.0035817,-0.0055151,-0.0036332,-0.0059852,-0.0005967,0.0029468,0.0034458,0.0037962,-0.0044647,-0.0012477,0.0056879,0.0009612,-0.0004699,-0.0004909
Imperial*Roman*(Picenum)*(20*BC–AD*300),0.108815,0.1488768,-0.004978,-0.0445094,0.0144642,-0.0187414,-0.001833,-0.0042922,0.0033134,0.0260598,0.0052938,0.0029076,-0.00889,-0.0017066,-0.0097176,-0.0031026,-0.0025032,0.0006844,0.0052794,-0.0048772,-0.0041678,0.0035612,-0.0007396,-0.0032292,-0.0029216
Imperial*Roman*(Pompeii)*(27*BC–AD*393),0.097888,0.144205,-0.035449,-0.068476,0.003385,-0.018128,-0.00235,0.001385,0.00859,0.017859,0.016239,-0.000749,-0.000595,0.00523,0.003664,-0.016706,-0.00665,-0.000127,-0.006662,-0.009505,-0.007112,0.00371,0.001479,-0.006989,0.006466
Indian*(Mauryan*Period)*(400–200*BC),0.03187,-0.090382,-0.170081,0.128878,-0.0834,0.065818,-0.00282,0.016615,0.048268,0.030616,-0.008444,0.002698,-0.003568,-0.000688,-0.002172,-0.01485,0.001043,-0.002914,0.000251,0.008629,0.009109,0.004699,0.001109,0.008917,-0.00467
Indus*Valley*Civilization*(3100–2000*BC),0.044391,-0.0343248,-0.1681958,0.0955436,-0.1037116,0.0572842,0.006721,0.0047538,0.006013,0.0055398,-0.004969,0.0054252,-0.0026164,-0.0018166,0.0073562,0.0101828,-0.0039374,0.0036738,0.0002764,-0.0128312,0.0030696,-0.0138738,-0.0007396,-0.0102904,0.001341
Ingrian*(Roman*Iron*Age)*(AD*75–300),0.1326035,0.1152625,0.1027655,0.0914095,0.0435465,0.041415,0.0160985,0.02273,0.001432,-0.044648,0.00747,-0.020457,0.028989,0.03358,-0.006854,-0.0147175,-0.007497,0.005954,0.0002515,-0.0043145,-0.0082355,-0.0019785,0.004992,-0.0117485,-0.006167
Iron*Age*Briton*(450*BC–AD*110),0.12977905,0.13641338,0.061079855,0.046329945,0.040824327,0.015617927,0.0025465818,0.0042963273,0.0074075091,0.0074418182,-0.0041954727,0.0066568,-0.014601218,-0.013959982,0.021424055,0.0063522727,-0.0086101091,0.0020431091,0.0018786,0.0036995091,0.0053472909,0.0033026545,-0.0021781091,0.0053281091,-0.0012932182
Iron*Age*Tibetan*(Himalayas)*(1200*BC–*AD*700),0.018591333,-0.395041,0.001257,-0.036822,0.015900333,0.011341667,0.0057183333,0.0070766667,0.0077036667,0.010995,-0.080761333,-0.010590667,0.010852333,-0.0075693333,-0.0075553333,-0.0036683333,-0.000043333333,-0.001647,-0.0044413333,0.00742,-0.002329,0.028193,0.0032866667,0.002731,0.03349
Iron*Age*Tibetan*(Ngari)*(400–200*BC),0.0145125,-0.37904625,-0.0139535,-0.01187025,0.003693,0.01199225,0.00170375,0.00311525,0.005369,0.0182235,-0.07453625,-0.00951675,0.014197,-0.0066405,-0.00966975,-0.00318225,-0.000652,-0.003199,-0.00559375,0.01335025,0.003213,0.01950625,0.00721,-0.00234975,0.03379925
Iron*Age*Tibetan*(Nyingchi)*(146*BC–AD*68),0.021057,-0.422968,0.006788,-0.0457045,0.026005,0.0029285,0.0027025,0.0056535,0.0010225,0.0120275,-0.084361,-0.0056945,0.0093655,-0.006675,-0.012147,-0.0043095,0.0079535,-0.0066515,-0.0093015,0.0043145,0.0018715,0.026647,0.005669,-0.000964,0.0341885
Iron*Age*Tibetan*(Shigatse)*(800–50*BC),0.012748,-0.4056026,-0.0050534,-0.0311372,0.017049,0.0068048,-0.0036192,0.0120456,0.009899,0.017203,-0.078596,-0.0056648,0.0098116,-0.003991,-0.009636,-0.003951,-0.0025034,-0.0000252,-0.0139022,0.0061028,0.002296,0.026264,0.0069266,-0.0000964,0.032955
Iron*Age*Tibetan*(Yushu)*(1000–800*BC),0.010813,-0.4024035,0.01385925,-0.0269705,-0.00007675,-0.00753,0.00569875,0.0049615,0.0083855,0.01685675,-0.075064,-0.00651925,0.00706125,-0.00574575,-0.0075325,-0.00202225,0.00176025,-0.0049725,-0.00439925,0.01400675,-0.00555275,0.02142275,-0.0025265,-0.007501,0.03119475
Israelite*(Abel*Beth*Maacah)*(1011–846*BC),0.085367,0.151314,-0.053928,-0.095285,-0.016003,-0.030678,-0.005875,-0.004154,0.00859,0.010934,0.011692,-0.0003,0.019177,0.001376,-0.000543,0.005436,-0.001825,0.009755,-0.00088,0.000875,-0.000374,0.015086,-0.004067,-0.003856,-0.003473
Israelite*(Megiddo)*(1107–923*BC),0.084229,0.147252,-0.063356,-0.09367,-0.016311,-0.047969,-0.008695,-0.003923,0.01084,0.009294,0.008607,-0.005995,0.022596,0.005367,-0.008279,0.001458,-0.024773,0.006081,0.007416,-0.00988,0.003119,-0.002844,-0.002958,-0.001566,-0.005748
Izyaslav*Ingvarevich*(Rurik*Dynasty)*(AD*1180–1223),0.127482,0.126941,0.061848,0.054264,0.03693,0.01757,0.00611,0.01523,-0.004909,-0.017495,0.001786,-0.008393,0.016353,0.023946,-0.018187,-0.000398,0.011213,-0.007095,0.000754,0.003126,-0.007487,-0.013354,0.011092,-0.00494,0.003113
Japanese*(Kofun*Period)*(AD*540–650),0.018591,-0.443786,0.010685,-0.056417333,0.033031667,0.014409333,0.000235,0.001846,-0.004431,0.0061356667,-0.068636,-0.0063943333,0.011645,-0.004679,-0.0076453333,-0.0059223333,-0.00326,0.0032093333,0.0011733333,-0.008087,0.028990333,-0.015827667,0.0027113333,0.0029316667,-0.035445667
Johannes*Corvinus*(Hunyadi*Family)*(AD*1473–1504),0.122929,0.128972,0.041106,0.009367,0.030467,0.001394,0.00658,0.003692,0.00225,0.010023,-0.003248,0.005845,-0.006541,-0.003441,0,0.012994,0.011474,-0.001774,0.003394,-0.002001,-0.006863,-0.002597,0.004437,0.008194,-0.013172
Jomon*(6870–470*BC),0.0073983333,-0.34367192,-0.054651,0.011170417,0.040238167,0.0098773333,-0.00097916667,-0.0020576667,0.023162167,0.0179805,-0.050110417,-0.0056575,0.0071606667,-0.0060324167,-0.022133917,-0.015435417,0.005248,0.009565,0.006641,-0.0067116667,0.065603,-0.046338917,0.0095620833,0.007541,-0.099661917
Kangju*(AD*100–400),0.10041722,0.053484556,0.0096375556,0.044215111,-0.033271111,0.018964556,0.0029245556,-0.0021282222,-0.028065111,-0.031243444,-0.0033016667,-0.002831,0.0021967778,-0.021025667,0.018518222,0.017987889,-0.0016371111,-0.0018723333,-0.00097766667,-0.0041965556,-0.0080966667,-0.00064577778,-0.00042444444,0.0028383333,0.00030611111
Karakhanid*(AD*885–1025),0.073985,-0.156392,0.031301,0.013889,-0.052933,0,0.000235,0.003231,-0.014521,-0.017677,-0.014453,-0.003147,0.00223,-0.016377,0.009908,-0.000928,-0.01343,0.001267,0.004525,0.001,-0.014974,0.000742,-0.004067,-0.005663,-0.006586
Karasuk*Culture*(1500–1250*BC),0.09987975,-0.0274195,0.067976,0.0705755,-0.028236,0.013108,-0.00611,0.000346,-0.009357,-0.0297045,0.00073075,-0.00288525,0.00078025,-0.037743,0.02062925,0.01478375,-0.001043,-0.00256525,0.00235675,0.006722,-0.0187795,0.012056,0.002927,0.00762175,-0.00946
Karluk*(AD*750–950),0.0614645,-0.1523295,0.018856,0.001615,-0.0469315,-0.004323,0.00235,0.0096915,-0.014214,-0.011299,-0.020948,-0.0007495,0.0002975,-0.002271,0.011197,-0.0020555,-0.015972,0.0013305,0.007102,-0.0031265,-0.0098575,-0.0010515,-0.003328,-0.001747,0.0050895
Kennewick*Man*(6700–6400*BC),0.045529,-0.307705,0.107857,0.079781,-0.104019,-0.019243,-0.22373,-0.263758,-0.013294,-0.01549,0.00065,-0.004796,0,0.014863,-0.009229,0.01074,0.006258,0.010515,0.009804,0.003252,0.004118,-0.00779,-0.006039,0.003012,-0.003473
Khitan*(AD*1015–1159),0.028835333,-0.41670567,0.053551333,-0.045650667,-0.022363333,-0.016175667,0.013865667,0.015615,0.0024543333,0.0072286667,-0.058351667,-0.001049,0.0012386667,0.00055066667,-0.0021263333,-0.002033,-0.001304,-0.0052786667,0.0049443333,0.011213667,-0.0081936667,-0.0081196667,-0.013721667,0.001245,-0.000399
Khoe-San*Hunter-Gatherer*(200*BC–AD*200),-0.642816,0.05560025,0.0257385,0.037145,-0.00030775,-0.001743,0.2677945,-0.2073375,0.01083975,0.01603675,0.00755125,-0.06676575,-0.02151875,0.0066745,0.02269925,-0.01962325,0.0339325,0.2934425,-0.0953105,0.00572175,-0.0336595,-0.003215,0.00252625,-0.00159675,-0.00296375
Khotanese*Saka*(AD*84–375),0.0825215,-0.0251345,-0.005374,0.04239375,-0.0349295,0.0242635,0.00029375,-0.00478825,-0.0337975,-0.02952225,-0.01234175,-0.002585,-0.0001115,-0.02229475,0.01934025,0.010972,-0.008866,0.0004435,-0.00022,-0.00359575,-0.01325775,-0.000093,0.002311,0.00138575,0.0017665
Kimak*(AD*733–882),0.0774,-0.138112,0.043369,0.029393,-0.048317,-0.010877,0.005405,0.002077,-0.021884,-0.019317,-0.005521,-0.003147,-0.00773,-0.00055,0.006922,0.009944,-0.018645,0.006588,-0.003017,-0.025137,-0.02271,-0.01051,-0.004067,-0.010363,0.001437
Kipchak*(AD*1000–1200),0.070001,-0.12491,0.026587,0.003876,-0.0372375,-0.005996,0.005405,0.0132685,-0.005011,-0.006925,-0.0130725,0.0005245,0.0030475,-0.006193,0.001357,0.011867,0.0052805,-0.0015205,0.004399,0.0047525,-0.0109805,0.0012365,-0.0035125,0.001205,-0.0029935
Koban*Culture*(800–400*BC),0.10851133,0.13168033,-0.030546667,-0.021425667,-0.028620667,0.0047413333,0.012220333,-0.002,-0.057130333,-0.030372667,-0.0083903333,0.004446,-0.023092,0.0030276667,0.0049763333,-0.010253667,0.021165667,-0.0056586667,-0.0049023333,0.015257333,0.017510667,-0.00049466667,0.0011093333,-0.0085953333,0.0031133333
Kola*Peninsula*(Early*Metal*Age)*(1600–1400*BC),0.0896924,-0.141768,0.1205276,0.10588,-0.061796,-0.000781,-0.003149,0.0001384,-0.0025362,-0.0457776,0.0333222,-0.0081226,0.0196826,-0.0499018,-0.002633,0.007319,-0.0016426,0.0029646,-0.0033186,0.0016258,0.003494,0.0054406,0.00562,-0.012604,-0.0003354
Kura-Araxes*Culture*(3600–2300*BC),0.1033514,0.1320189,-0.0699181,-0.0426037,-0.048132,-0.0068328,0.0102934,-0.0082149,-0.0598232,-0.0188068,0.0036699,0.0070739,-0.0156241,0.0024222,0.003936,-0.0032484,0.0087358,-0.0024324,-0.0022878,0.0008878,0.0071499,-0.0001731,-0.0000985,-0.0053138,-0.0013411
Kushan*(200*BC–AD*500),0.09675,0.016248,-0.012822,0.043282,-0.053241,0.003904,-0.001645,-0.001846,-0.03211,-0.027882,-0.005359,0.001649,0.000892,-0.012937,0.005157,0.008353,0.001434,0.002534,0.001383,-0.006878,-0.014474,0.002597,-0.003081,-0.000723,-0.000838
Ladislaus*I*(Arpad*Dynasty)*(AD*1040–1095),0.117238,0.092413,0.050157,0.046835,0.020311,0.015618,0.00611,0.008307,-0.006136,-0.011845,0.001461,-0.00015,-0.002825,0.003716,0.002443,0.004508,0.009388,-0.004561,0.005154,0.006628,-0.003244,0.003462,0.001356,-0.008073,-0.002754
Laos*(Bronze*Age)*(428–234*BC),0.003415,-0.378792,-0.078818,-0.032946,0.156029,0.071117,0.00188,-0.010153,0.002454,-0.019317,0.086391,0.008243,-0.017988,0.003716,0.008415,-0.003447,-0.000522,-0.001647,-0.006411,0.019885,-0.007986,0.009645,-0.009613,-0.011206,0.036404
Laos*(Late*Neolithic)*(1121–930*BC),0.003415,-0.403165,-0.085606,-0.035853,0.15049,0.075858,-0.00141,-0.013615,-0.007976,-0.019681,0.088826,0.004796,-0.01115,0.011423,0.004614,-0.005701,-0.004172,0.000127,-0.002891,0.027138,-0.018592,0.021021,-0.011585,-0.000843,0.039996
Late*Antiquity*Central*Italian*(Rome)*(AD*300–600),0.10663806,0.15067912,-0.011407813,-0.044876813,0.013906313,-0.017308688,-0.0008225,-0.0054516875,0.0020580625,0.022745313,0.0020804375,0.0043835625,-0.0070428125,-0.0004730625,-0.008516375,-0.0020551875,0.0043026875,0.0004276875,0.0016891875,-0.0018055,-0.0021993125,0.0011051875,0.0005776875,-0.000210875,-0.0010178125
Late*Antiquity*North*Italian*(Turin)*(AD*400–600),0.1038635,0.1434435,0.01121925,-0.02608225,0.023389,-0.01164375,-0.00346625,-0.001673,0.00874325,0.02300725,0.001299,0.00479575,-0.00828775,-0.00233975,0.00067875,0.00089525,-0.00766,0.00041175,0.002074,-0.004033,-0.00614525,0.00466775,-0.0009245,0.0003315,-0.00173625
Late*Medieval*West*Iranian*(Ganj*Dareh)*(1430–1485*AD),0.09675,0.109677,-0.051288,-0.028424,-0.047393,-0.002789,0.00094,-0.010153,-0.032315,-0.012939,0.008931,-0.007194,0.005946,0.005505,0.002036,-0.001989,-0.02021,-0.004561,0.00176,-0.010755,-0.005366,-0.000989,0.004437,-0.008555,0.004071
Late*Prehistoric*Micronesian*(Pohnpei)*(AD*1400–1797),-0.0014634286,-0.389383,-0.10791043,0.035253143,0.16055729,-0.089284857,-0.0041292857,-0.0044505714,-0.025010429,-0.018614,0.039460429,0.005652,-0.007263,-0.00084542857,0.010043286,0.0057771429,0.0012667143,0.0034205714,0.0061411429,-0.0079145714,0.0014974286,-0.025401857,-0.0067961429,-0.011550571,-0.047917
Late*Stone*Age*Forager*(East*Africa)*(AD*70–200),-0.522448,0.040621,-0.006034,0.00646,0.001846,-0.01004,0.084839,-0.068305,0.074242,-0.066698,-0.008769,0.008842,-0.032259,-0.000138,0.010043,-0.019491,0.023339,0.03978,-0.003771,-0.001626,-0.006364,-0.01051,0.004067,0.002651,-0.002874
Late*Xiongnu*(50*BC–AD*150),0.043523857,-0.3506236,0.067845762,-0.016326881,-0.055306952,-0.027397643,0.011163024,0.015713619,0.0028292143,0.0063521905,-0.03021581,-0.00094919048,0.0008212381,-0.0053279524,0.0004912381,0.0016668333,-0.00065190476,-0.0011371667,0.0023733333,0.0093497143,-0.014655667,-0.002367119,-0.014097143,-0.0013311667,0.0024091667
Latin*(Latium)*(900–500*BC),0.12899967,0.151991,0.037335,-0.013673667,0.047393333,-0.0093893333,0.001175,0.0011536667,0.023588333,0.046227,-0.000054333333,0.012738667,-0.023389333,-0.0079366667,-0.0033476667,-0.002961,0.0029116667,-0.00097133333,0.005531,-0.004794,0.000499,0.0032563333,-0.0021773333,-0.0057036667,-0.000519
Lchashen-Metsamor*Culture*(1420–1150*BC),0.10886364,0.12520029,-0.038493357,-0.015527071,-0.035479143,0.0014542143,0.0059087143,-0.0070546429,-0.046412214,-0.023742714,0.0033867143,0.0038537857,-0.0094505,-0.0032832857,0.0068152143,-0.0016574286,0.00067042857,0.00024442857,-0.00070935714,0.001456,0.0030660714,-0.000035285714,-0.0013028571,-0.0012478571,-0.0011118571
Longobard*(Pannonia)*(AD*540–568),0.13089667,0.13461406,0.061072611,0.0486115,0.038742111,0.016005167,0.0044781667,0.005551,0.0011021667,-0.00052644444,-0.0063963333,0.0033053333,-0.0073586111,-0.0052602778,0.017017889,0.0065042778,-0.0038101111,0.00068977778,0.0059565556,0.0033766111,0.0053654444,0.0043140556,-0.00047927778,0.013020444,-0.00092483333
Longshan*Culture*(Yellow*River)*(2280–1850*BC),0.017073625,-0.44975262,0.01032375,-0.06613425,0.054433,0.02206725,0.00431825,0.002307625,-0.009919375,0.005353125,-0.0852135,-0.0105095,0.012115875,-0.006657625,-0.01004325,-0.001491625,0.0020535,-0.0003165,-0.004211,-0.007315875,0.017266375,0.009166,0.01406575,-0.000708125,0.007993125
Lower*Xiajiadian*Culture*(West*Liao*River)*(2050–1350*BC),0.015176667,-0.44446333,0.017221667,-0.059970333,0.043905667,0.013851667,0.0036816667,0.00030766667,-0.011589667,0.010448333,-0.082601667,-0.012339,0.014023667,-0.009221,-0.010676667,0.002033,0.0065193333,0.005701,-0.003226,-0.009838,0.023167667,0.0049873333,0.0081343333,0.0075913333,0.0041513333
Lucayan*Taino*(AD*770–990),0.048944,-0.317861,0.115776,0.099807,-0.115406,-0.01757,-0.304339,-0.358831,-0.011453,-0.019135,-0.001786,-0.002548,-0.003122,0.018441,0.000679,0.001326,0.008996,0.003674,0.001634,0.002751,-0.000624,0.00272,-0.003204,-0.001084,-0.010658
Man*Bac*(Neolithic)*(2200–1600*BC),0.001707,-0.3859015,-0.064299,-0.0347225,0.131563,0.056754,0.00188,-0.0110765,-0.013703,-0.0149435,0.069665,0.0016485,-0.0043855,0.000757,0.015133,-0.0048395,0.000652,0.0000635,-0.0037085,0.014507,-0.002745,0.006121,0.002465,-0.007652,0.03353
Mannaean*(1024–789*BC),0.092765875,0.12110194,-0.064016313,-0.042595625,-0.041007437,-0.009987625,0.0028640625,-0.0062594375,-0.031509562,-0.012699562,0.0043135,-0.0001966875,0.0038744375,-0.002709375,0.0016625625,0.011079562,-0.00258325,0.00161525,0.0015713125,-0.00645625,0.001162,-0.0016384375,-0.0010938125,-0.00349425,0.0024773125
Mannaean*(Hasanlu*Lovers)*(823–789*BC),0.093904,0.1137395,-0.0620365,-0.0408595,-0.0401615,-0.0071115,-0.00094,-0.011307,-0.030372,-0.017039,0.004222,-0.0016485,0.0017095,0.001101,0.009161,0.009149,-0.0053455,0.003294,0.0001885,-0.009067,0.000998,-0.007172,0.0028345,-0.0038555,0.0039515
Maykop*Culture*(Late)*(3350–3000*BC),0.103579,0.1218635,-0.0563795,-0.0350455,-0.0497015,-0.004462,0.0088125,-0.006692,-0.058187,-0.026242,0.005359,0.006819,-0.0199205,-0.001307,0.0013575,-0.004508,0.016363,-0.004244,-0.004337,0.017446,0.0077365,-0.001175,-0.001479,-0.006808,-0.002874
Maykop*Culture*(Novosvobodnaya)*(3700–3000*BC),0.10614025,0.13201875,-0.0731615,-0.03431875,-0.04747025,-0.0013945,0.0143945,-0.0065765,-0.06396475,-0.024055,0.0031665,0.009966,-0.0230055,0.00495425,0.00807525,-0.0172365,0.00909425,-0.00389575,-0.0093015,0.00906675,0.012104,-0.00275125,0.00286525,-0.010694,0.00413125
Medieval*Albanian*(AD*773–989),0.1206525,0.1543605,0.0143305,-0.03553,0.024312,-0.007251,-0.002115,-0.001269,0.003068,0.019864,0.0020295,0.005545,-0.013082,0.0008255,-0.0192725,-0.012596,0.010561,-0.002154,0.008296,-0.0155075,-0.009421,0.0030295,0.0003695,-0.0013855,0
Medieval*Anatolian*Greek*(Boğazköy)*(AD*1450),0.104717,0.137096,-0.047894,-0.058463,-0.013233,-0.016176,0.008225,-0.002769,-0.034565,0.000364,0.00065,0.01124,-0.02438,0.00055,-0.008143,-0.015778,0.006128,-0.006334,0.005531,0.001876,0.000624,0.004699,-0.000863,0.005663,-0.00012
Medieval*Arab*(Tell*Masaikh)*(AD*1176–1264),0.069432,0.141159,-0.051666,-0.106268,-0.00954,-0.041276,-0.015746,-0.014307,0.046836,0.00164,0.013803,-0.023229,0.056194,-0.003578,-0.002036,0.029302,-0.008084,0.008995,-0.002263,0.02001,0.013851,0.009274,-0.011462,0.011327,-0.003233
Medieval*Balt*(Kingdom*of*Poland)*(AD*1000–1200),0.12862,0.11780167,0.089378,0.081611333,0.045649333,0.035047,0.016764333,0.020383667,0.0040223333,-0.036629333,-0.0056833333,-0.009941,0.024727,0.026102667,-0.007374,0.006762,0.023729667,0.0020266667,0.004148,0.0025426667,0.0012476667,-0.010098,0.008463,-0.0077116667,0.004311
Medieval*Balt*(Viking*Age)*(AD*900–1050),0.13275909,0.12555636,0.095000091,0.092965364,0.045183273,0.036889636,0.014121818,0.017747545,-0.0035141818,-0.034359818,-0.0046944545,-0.012302545,0.022839818,0.033317182,-0.011881818,-0.00032545455,0.0038521818,-0.0059429091,0.0038279091,0.0048319091,-0.0026543636,-0.0044513636,0.010207182,-0.0084239091,0.0012410909
Medieval*Baltic*Finn*(Viking*Age)*(AD*900–1050),0.114961,0.060932,0.090886,0.089794,0.028005,0.023148,0.012691,0.00923,0.00409,-0.025513,0.004709,-0.009142,0.01888,0.004129,-0.007736,0.001724,-0.007171,0.003041,-0.004525,0.00988,0.009982,-0.002349,0.002342,-0.006386,-0.003592
Medieval*Breton*(Quiberon)*(AD*1228–1285),0.129758,0.146236,0.057699,0.037145,0.040315,0.017291,0.00188,0.002308,-0.001841,0.010934,-0.001137,0.004946,-0.018583,-0.023533,0.022937,0.017767,0.002608,0.001267,0.001885,0.01088,0.00262,0.005812,-0.006286,0.002048,-0.013532
Medieval*Carpathian*Basin*(Early*Magyar*Period)*(AD*900–1100),0.11686459,0.08943318,0.047096754,0.019941279,0.019040066,0.0041467869,0.0044419344,0.0065179836,0.0017602295,0.0010486066,-0.0007427541,0.00049139344,-0.0011137377,-0.001800377,-0.0016175574,-0.0000043442623,0.003255377,-0.00022011475,0.0033670164,0.00036913115,-0.0030664098,0.00038522951,0.00078188525,0.0010686066,-0.000041262295
Medieval*Central*Asian*Nestorian*(Tian*Shan)*(AD*1267–1340),0.099026,0.039606,-0.020365,0.007752,-0.044624,0.008088,-0.010575,-0.003461,-0.027202,-0.039363,-0.007795,-0.012439,-0.001189,-0.017478,0.009229,0.009016,0.004955,-0.006714,0.001006,-0.005753,-0.018842,-0.000371,-0.008011,0.007109,0.010777
Medieval*Central*Italian*(Chiusi)*(AD*775–1149),0.1172378,0.1482674,0.0025642,-0.0288762,0.0198804,-0.0128846,0.003008,0.0010154,0.0014314,0.0258046,-0.0004544,0.0075834,-0.0119228,-0.0008806,-0.0036918,-0.0041104,-0.0036246,0.0049156,0.0022878,0.0001002,-0.0049414,0.0007172,-0.0018488,0.002892,-0.0006466
Medieval*Central*Italian*(Poggio*Pelliccia)*(AD*772–960),0.119514,0.146236,0.015085,-0.027132,0.024928,-0.016176,-0.00329,0.001154,0.010431,0.030798,0.00406,0.006444,-0.016501,-0.003303,-0.001493,0.00053,0.00326,-0.000887,0.008925,0.001251,-0.002121,-0.003091,-0.006779,-0.005302,0.006466
Medieval*Central*Italian*(Rome)*(AD*771–1447),0.11211567,0.14928283,0.0054055,-0.036606667,0.021593833,-0.011667,0.00086166667,-0.002423,0.009681,0.026394,0.000054166667,0.0048458333,-0.010926667,0.00075683333,-0.0062431667,-0.0023203333,0.0014776667,0.00052783333,0.000796,-0.0053985,-0.0019965,0.0043896667,-0.0029373333,0.005342,-0.0016168333
Medieval*Central*Italian*(Tarquinia)*(AD*729–1151),0.109555,0.1457285,0.007165,-0.0260015,0.02515875,-0.0124805,0.00188,0.000346,0.007363,0.02223275,0.003329,0.0065565,-0.0124875,-0.00134175,-0.00071275,-0.00374575,-0.00110825,0.00019,0.0066305,-0.004002,-0.0005925,0.00596625,-0.003605,-0.00183775,0.0012275
Medieval*Central*Italian*(Villa*Magna)*(AD*820–1430),0.1097254,0.1468455,-0.006524,-0.0414409,0.0152642,-0.0163709,0.000517,-0.0048458,0.003886,0.0193172,0.0012017,0.0026527,-0.0073141,0.0002342,-0.0094462,-0.0046274,-0.0021253,0.0009501,0.0022877,-0.0058526,0.001485,0.0022012,-0.0008997,0.0005542,0.0000717
Medieval*Cis-Baikal*(Angara*River)*(AD*1280–1390),0.046667,-0.347311,0.100314,0.033269,-0.090171,-0.028447,-0.024441,-0.012923,0.005318,-0.000364,0.01023,0.004496,-0.000149,-0.029589,-0.0057,-0.013259,-0.005737,0.002787,0.008925,0.016883,-0.027202,0.006183,0.008011,-0.010965,-0.008622
Medieval*Dane*(Zealand)*(AD*1050–1250),0.12764443,0.13100329,0.064460643,0.050734071,0.039567786,0.017928571,0.0023668571,0.0079942857,0.003214,-0.00063771429,-0.0048717143,0.00258,-0.0048634286,-0.0059767143,0.0133685,0.0051236429,-0.0045634286,-0.002208,0.0023882143,0.0030548571,0.0052407857,0.0033738571,-0.00075714286,0.011300857,-0.0027029286
Medieval*East*Siberian*(Yana*River)*(AD*1151–1251),0.044391,-0.378792,0.10484,-0.015181,-0.119099,-0.06777,0.031726,0.035306,0.024952,0.026789,0.038648,0.003447,-0.019177,0.048306,0.027144,0.02201,0.009518,-0.01685,-0.034441,-0.019634,-0.004118,0.036849,0.008874,0.006145,-0.008382
Medieval*Eastern*Armenian*(Agarak)*(AD*1100–1379),0.105476,0.133034,-0.054054,-0.050065,-0.030159,-0.0073443333,-0.00054833333,-0.0070766667,-0.031087333,-0.0059533333,0.001949,0.0017986667,-0.0071353333,0.000413,0.0021263333,-0.0034916667,-0.0018253333,0.002914,0.0038966667,-0.00058366667,0.0016636667,-0.000371,-0.00082166667,0.000281,0.0034723333
Medieval*European*Jew*(Erfurt)*(AD*1285–1398),0.099853909,0.137235,-0.0059311818,-0.040081364,0.012715591,-0.014451636,-0.00010677273,0.00057690909,0.0094638636,0.015498227,0.0026941364,-0.000047636364,0.0046220455,0.0029588182,-0.0047194545,-0.0025071818,-0.0026550909,0.00046636364,-0.0020854545,-0.0032629091,-0.0028642273,-0.0027597273,0.003042,0.0017472727,-0.0010450455
Medieval*European*Jew*(Norwich)*(AD*1161–1216),0.0884025,0.142851,-0.014142167,-0.052110667,0.0169775,-0.021009667,-0.0052485,0.0045381667,0.012987333,0.020137167,0.002517,0.00099916667,0.0014865,-0.001789,-0.0024658333,-0.0014586667,0.00023916667,0.00042233333,0.0017598333,-0.0031055,-0.001622,-0.00061833333,-0.0024238333,0.00020066667,-0.00065866667
Medieval*Frisian*(Groningen)*(AD*775–1155),0.1295308,0.1367919,0.0646385,0.0520676,0.0421923,0.0170403,0.0039481,0.0074537,0.0029657,0.0001823,-0.0027768,0.0047657,-0.0113429,-0.0097161,0.0204123,0.0063776,-0.0023862,0.0015709,0.0041731,0.0037268,0.0064388,0.0013974,0.000493,0.0161105,-0.0015806
Medieval*Gael*(Roscommon)*(AD*600–1300),0.12657917,0.13152862,0.060040207,0.050844655,0.036823759,0.017887517,0.000705,0.0048618276,0.0043936897,0.0011437586,-0.0062604138,0.007141931,-0.015394138,-0.016443552,0.025295414,0.0078319655,-0.0080208621,0.0015595862,0.0018854828,0.0036827586,0.0051288276,0.0038033793,0.0013388276,0.011933448,-0.00053675862
Medieval*Iberian*(Girona)*(AD*770–1200),0.1154168,0.1421738,0.0356754,-0.0032946,0.0360068,0.000223,-0.0048882,0.003323,0.0278562,0.0347706,-0.0040922,0.007763,-0.0126658,-0.009496,0.0049674,-0.0024128,-3.469447e-19,-0.0054224,-0.0027654,-0.0037518,0.0046918,0.002869,-0.0021444,-0.0029642,0.000024
Medieval*Iberian*(Rome)*(AD*1411–1447),0.124067,0.142174,0.043746,0.007106,0.044931,0,-0.00752,0.001385,0.029656,0.033896,0.000974,0.010041,-0.022745,-0.010735,0.011943,0.006232,0.013038,-0.003421,0.002514,0.004877,0.001747,0.00272,-0.004437,0.001325,-0.006347
Medieval*Iberian*(Villa*Magna)*(AD*970–1010),0.117238,0.145221,0.042238,0.007106,0.047393,-0.00753,-0.000705,0.000462,0.029247,0.031527,-0.003897,0.004946,-0.016204,-0.009771,0.006243,0.007823,0.0103,0.001647,-0.005279,0.01138,-0.000624,-0.002597,0.001479,0.001205,0.005508
Medieval*Indian*(Roopkund)*(AD*722–940),0.045637619,-0.062866048,-0.14490405,0.10780562,-0.070840905,0.05860681,-0.0014324286,0.010417095,0.035489714,0.019377714,-0.0041988571,-0.0012988571,-0.0008777619,0.00043252381,-0.0038390476,-0.0030116667,0.0009312381,0.0015927143,-0.00038304762,0.0029538571,0.0010875238,-0.0014543333,0.002705619,-0.000155,-0.0027655238
Medieval*Jamt*(Frösön)*(AD*1016–1262),0.12539533,0.12711033,0.068007333,0.052756667,0.0384685,0.016919333,0.0041908333,0.0031153333,0.0063743333,-0.0020348333,-0.0053046667,0.0053701667,-0.011570667,-0.0114685,0.0199055,0.0047953333,-0.0051718333,0.0017948333,0.0038966667,0.005336,0.0079858333,0.0021431667,-0.0023418333,0.006768,-0.0026145
Medieval*Levantine*(Sidon)*(AD*1150–1280),0.081193667,0.14691333,-0.052797,-0.087102333,-0.011489333,-0.030399,-0.00705,-0.014460667,0.0050446667,0.011906,0.0061706667,-0.0084926667,0.008771,-0.001789,-0.008686,0.0027843333,0.0014776667,-0.002576,0.000419,-0.0074206667,-0.000416,0.00643,-0.0071483333,0.0072296667,0.004311
Medieval*Livonian*(AD*1230–1600),0.129379,0.11881667,0.090006333,0.088825,0.046265,0.036627667,0.011907,0.013768333,0.0036133333,-0.03341,-0.010501,-0.013488,0.013627,0.028763,-0.0019906667,0.01569,0.012169,-0.0046033333,0.0024303333,-0.002668,0.002953,0.000082333333,0.0062443333,0.003213,-0.0014366667
Medieval*Magyar*(Conquest*Period)*(AD*900–1000),0.091722333,-0.11907083,0.074607,0.0463505,-0.053805,-0.0093660833,0.0068738333,0.0066343333,-0.01024325,-0.026393917,0.017592083,-0.0023105,0.0080028333,-0.037662667,-0.0074985833,-0.0035688333,-0.00296625,0.00032716667,-0.001058,-0.0051691667,-0.0070811667,0.006801,0.0016946667,-0.00038158333,-0.00103775
Medieval*Magyar*(Southern*Urals)*(AD*720–941),0.091058,-0.141159,0.082212,0.058786,-0.069551,-0.013387,0.003525,0.01223,-0.00859,-0.035536,0.024683,-0.002997,0.012785,-0.054911,-0.008822,-0.004375,0.003912,-0.009628,-0.007542,-0.007754,-0.012228,0.010387,0.000986,0.003012,-0.008382
Medieval*Mongol*(Eastern*Steppe)*(AD*1158–1435),0.040429019,-0.36391102,0.057329538,-0.030970731,-0.035793635,-0.022692058,0.013703,0.015096981,-0.00040117308,0.0082952115,-0.039001365,-0.0024295192,0.0012636731,-0.000060846154,0.0012293654,0.0014738269,-0.00045388462,-0.0010037692,0.0035679038,0.0089971346,-0.011259077,-0.0062801731,-0.013519385,-0.0020159038,0.0014899808
Medieval*North*Caucasian*(Anapa)*(AD*880–1160),0.11040833,0.083273333,-0.021495667,-0.016903667,-0.033852333,-0.000186,0.0067366667,-0.002769,-0.050994667,-0.016583667,-0.003302,0.0073936667,-0.014222,0.0031193333,-0.00099533333,-0.005392,0.020948333,-0.0035473333,-0.00595,0.0081706667,0.0027033333,-0.0018546667,-0.0032456667,-0.003173,0.002395
Medieval*Northeast*European*(Golden*Horde)*(AD*1260–1370),0.135449,0.125926,0.078441,0.068153,0.044931,0.028447,0.014336,0.014076,-0.001227,-0.035718,-0.008931,-0.01079,0.021853,0.026148,-0.018187,-0.002254,0.008866,-0.002154,0.00264,0.012256,0.000624,-0.007543,0.010846,-0.005543,0.005748
Medieval*Pole*(Masovian)*(AD*1000–1200),0.13108617,0.122202,0.077687,0.067560833,0.038725333,0.0306315,0.0056011667,0.011384,-0.0022496667,-0.023721167,-0.0012178333,-0.011364833,0.016848333,0.031079833,-0.0102695,0.0015025,0.0054978333,-0.0043075,0.0025558333,-0.000417,-0.0057193333,-0.0052966667,0.0025676667,-0.0069285,-0.00093816667
Medieval*Pole*(Polan)*(AD*1000–1200),0.12912596,0.12430833,0.075242519,0.068763111,0.042970852,0.024315111,0.0085038889,0.014084889,-0.00034077778,-0.026282444,-0.001226963,-0.0097857037,0.016699556,0.021810741,-0.010711815,0.001374963,0.0048532222,-0.0021725185,0.0028724444,0.0011904074,-0.0034984444,-0.0067734815,0.0069840741,-0.0065424815,0.0023683333
Medieval*Pole*(Silesian)*(AD*900–1000),0.1255467,0.1250118,0.0707479,0.062985,0.0415154,0.0258812,0.0088834,0.0119764,-0.0034361,-0.0198089,-0.0031827,-0.004481,0.0098563,0.0210703,-0.0088217,-0.0026519,0.0031684,0.0025844,0.0009051,0.0059403,0.0002246,-0.0009894,0.004437,-0.0066033,0.0008623
Medieval*Sardinian*(AD*773–987),0.124067,0.1635,0.026776,-0.050065,0.061858,-0.028447,-0.007755,-0.000692,0.047859,0.071072,-0.001624,0.017834,-0.027354,-0.023671,-0.010993,0.008221,0.027772,0.00228,-0.003771,-0.006628,-0.00025,0.001237,-0.002835,-0.019159,-0.000479
Medieval*Schleswig*(AD*1070–1210),0.12829471,0.1322365,0.059854571,0.046212071,0.039326,0.017689643,0.0049350714,0.0060162857,0.0024397143,0.001484,-0.005788,0.0035753571,-0.0092912143,-0.0100955,0.018584,0.0048205,-0.0090522857,0.003511,0.0039685,0.0048414286,0.0057132143,0.0025347857,-0.0011884286,0.012402571,-0.0012659286
Medieval*Sorb*(Krakauer*Berg)*(AD*1040–1402),0.12924082,0.12786445,0.074429909,0.066743545,0.044232091,0.023122636,0.0087166364,0.012545,-0.00037181818,-0.023259818,-0.00248,-0.0092645455,0.014974182,0.018879182,-0.0083037273,0.0013740909,0.0066140909,-0.0015893636,0.0034395455,0.003297,-0.0047075455,-0.0031364545,0.0046273636,-0.0053784545,0.00023945455
Medieval*South*Italian*(Foggia)*(AD*1000–1300),0.1051724,0.1450174,-0.003168,-0.0414086,0.0147718,-0.0141676,0.000987,-0.0024922,0.0041724,0.0199002,0.0026308,0.002188,-0.0052032,-0.004404,-0.0064332,0.0000264,0.0049546,-0.0008108,0.002363,-0.0004252,-0.0011728,0.002127,-0.0002712,-0.0004098,-0.0020358
Medieval*South*Slav*(Bitola)*(AD*992–1121),0.117238,0.131003,0.043369,0.010659,0.032006,-0.00251,0.011986,0.002308,0.003068,-0.00164,-0.005521,-0.003747,-0.005649,0.013074,-0.015201,-0.014187,-0.008736,0.009248,0.004399,-0.0005,0.003244,0.001978,0.007641,-0.006025,0.000479
Medieval*South*Slav*(Doclea)*(AD*710–1163),0.1302136,0.1397368,0.049403,0.0257108,0.0304054,0.015841,0.004277,0.007015,-0.0029862,-0.0036084,-0.0012666,-0.0035668,0.0007434,0.012854,-0.0116994,0.0012994,0.0118388,0.0014696,0.0054052,-0.001876,-0.0072124,-0.003215,0.0025386,-0.0022654,0.0002634
Medieval*South*Slav*(Ryahovets)*(AD*1000–1250),0.127482,0.128972,0.026021,0.006783,0.018773,0.006972,0.002585,0.008077,-0.000614,-0.004009,-0.001299,-0.001948,0.012042,0.005505,-0.0019,0.000928,-0.002868,-0.003547,0.000503,0.005002,-0.003119,0.000495,0.006655,-0.000602,-0.002994
Medieval*Swat*Valley*(Barikot)*(AD*1021–1393),0.069432,-0.0016926667,-0.10647367,0.072136667,-0.073347,0.044994333,-0.00054833333,0.0039996667,-0.0069536667,-0.0058923333,-0.0044926667,0.002198,-0.00034666667,-0.0063306667,0.010450333,0.0099883333,-0.0053456667,-0.00067566667,0.000377,-0.0077956667,0.00029133333,0.0015663333,0.00032866667,-0.003655,-0.00023933333
Medieval*Swat*Valley*(Mahmud*Ghaznavi*Mosque)*(AD*1037–1250),0.078538,0.0360515,-0.0759895,0.0463505,-0.0587805,0.0312355,0.0050525,0.0028845,-0.015544,-0.0156725,-0.0040595,-0.004421,-0.000892,-0.0059175,0.014115,0.013657,0.002151,-0.000697,0.0067245,-0.006691,-0.0044295,-0.001175,0.004807,0.0013255,0.00006
Medieval*Tian*Shan*Nomad*(Kara*Khitai*Period)*(AD*1156–1255),0.04496,-0.3483265,0.082778,-0.026809,-0.0707825,-0.036395,0.0175085,0.024576,0.0017385,0.0065605,-0.0224905,0.003147,-0.005872,0.0055735,0.002036,-0.0084195,-0.0035205,-0.0031675,0.008799,0.0153195,-0.0278885,-0.005997,-0.02163,0.0024095,-0.0006585
Medieval*Tian*Shan*Nomad*(Mongol*Period)*(AD*1224–1284),0.046667,-0.337156,0.075801,-0.020672,-0.065243,-0.036535,0.024441,0.019384,0.004704,0.009841,-0.025982,0.003447,-0.007879,-0.002477,0.001221,0.008221,0.008475,-0.004941,0.007793,0.012631,-0.013227,-0.015457,-0.018734,0.00253,-0.007784
Medieval*Tibetan*(Shigatse)*(AD*977–1390),0.020368263,-0.40466174,0.004188,-0.033541,0.016310632,0.0020696842,0.0058751053,0.0062791579,0.0053499474,0.012631789,-0.081527579,-0.0090393158,0.013395053,-0.0052876316,-0.0094646842,-0.0035798947,0.0026900526,-0.0016601579,-0.0091957895,0.0051471053,0.000834,0.026233947,0.0049298421,-0.0024161579,0.035370316
Medieval*Turkic*Nomad*(Central*Steppe)*(AD*654–737),0.077020333,-0.13235767,0.045757333,0.030362,-0.05519,-0.005485,0.005405,0.0070766667,-0.014248333,-0.013424667,-0.013045333,-0.005845,0.001338,-0.017615667,0.0052026667,0.007469,-0.0043026667,-0.000887,0.003771,0.0020426667,-0.016554,0.0039566667,-0.010763667,0.00072333333,0.0020753333
Medieval*Turkic*Nomad*(Northern*Altai)*(AD*721–889),0.066017,-0.22951,0.058454,0.018088,-0.060011,-0.006414,0.008695,0.010153,-0.017589,-0.01385,-0.011692,-0.01139,0.003122,-0.028075,0.00855,0.008618,-0.004172,-0.001267,-0.002011,0.010255,-0.047915,0.012489,-0.002835,-0.018195,-0.021076
Medieval*Turkic*Nomad*(Tian*Shan)*(AD*654–1025),0.067535,-0.14725167,0.023130333,0.002261,-0.038161,0.0023243333,0.013317333,0.0054613333,-0.017793667,-0.011541667,-0.012828667,0.000999,-0.001536,-0.015413667,0.008641,0.0049056667,-0.003564,-0.000718,-0.00025133333,-0.0027513333,-0.014474333,0.00016466667,-0.00082166667,0.000482,-0.0064266667
Medieval*Turkic*Nomad*(Western*Altai)*(AD*775–887),0.0728465,-0.1721325,0.054871,0.017765,-0.0487785,-0.009064,0.003055,0.0049615,-0.010226,-0.007472,-0.0140465,-0.0028475,-0.0014865,-0.01679,0.0089575,0.0113365,0.006128,0.0024705,0.002828,0.0080665,-0.018093,0.0040805,-0.008627,0.005844,-0.001916
Medieval*Western*Armenian*(Turbessel)*(AD*1031–1300),0.1033514,0.1409556,-0.0537774,-0.0655044,-0.0259738,-0.0177934,0.000799,-0.0068306,-0.0230296,0.0005102,0.0021434,0.004226,-0.006779,0.0013212,-0.0084962,0.0003978,0.0100918,0.001191,0.000704,-0.0008004,0.0010234,0.0028936,0.0010602,0.0041932,-0.006059
Megalithic*Culture*(3800–3360*BC),0.12577467,0.17111667,0.047265833,-0.037145,0.0808355,-0.023984667,-0.001175,0.0012691667,0.061323167,0.087230333,-0.0011366667,0.013413167,-0.024132667,-0.0099775,-0.012735167,-0.002033,0.017232333,0.0032093333,0.000084,-0.0027513333,0.0086096667,0.0064505,-0.011092,-0.030205167,0.0016565
Miaozigou*Culture*(Inner*Mongolia)*(3550–3050*BC),0.020488,-0.454957,0.030547,-0.064277,0.009848,0.010877,0.00752,-0.000923,-0.014317,0.016583,-0.075998,-0.016485,0.019029,-0.013349,-0.004343,0.006762,0.00691,-0.003167,-0.020992,-0.00025,-0.013351,0.026833,0.015159,0.002651,0.026105
Minoan*(2850–1700*BC),0.11894517,0.17027033,-0.018479,-0.093131667,0.030415667,-0.037789667,-0.00047,-0.0023076667,0.0130215,0.059743167,0.0028686667,0.013438167,-0.0235625,0.00013766667,-0.035581333,-0.012839167,0.0136035,0.00071783333,0.009553,-0.014465333,-0.012061833,0.0084701667,-0.0047861667,-0.001004,-0.000878
Morisco*(AD*1500–1600),0.07825325,0.14141275,0.017819,-0.03561075,0.027774,-0.0158965,-0.013102,0.0016155,0.02945125,0.02651525,0.001827,0.00123625,0.00081775,-0.00794775,0.0070235,-0.000232,-0.00312925,0.0018055,-0.00408525,-0.0014385,0.00233975,-0.008223,0.00095525,-0.00442825,0.00437075
Munkh*Khairkhan*Culture*(1950–1600*BC),0.050082,-0.3305545,0.087869,0.0415055,-0.0926325,-0.030399,-0.0103405,-0.011884,0.0005115,-0.0153985,-0.0039785,-0.0026225,0.0053515,-0.0323415,0.0057685,0.0049055,-0.0066495,-0.004244,-0.0015085,0.0093795,-0.035812,0.003895,-0.0028965,-0.005061,-0.003892
Mycenaean*Greek*(1600–1070*BC),0.11681088,0.1620405,-0.0054445625,-0.059956875,0.02588925,-0.025518563,-0.0003671875,-0.003692125,0.0088711875,0.044374563,0.0076219375,0.012120562,-0.016789375,0.0012126875,-0.018797312,-0.0095133125,0.013022063,0.000641375,0.010998625,-0.0063155,-0.0074790625,0.0024113125,-0.00221825,0.0027111875,-0.001332125
Narva*Culture*(5200–4200*BC),0.13241417,0.11035433,0.180075,0.18222683,0.11904783,0.052896333,0.0117895,0.027345167,0.058937,-0.019165167,-0.0064143333,-0.018083833,0.027254333,0.0047708333,0.032233667,0.044903833,0.0028901667,0.0044763333,-0.0055726667,0.043187167,0.066424333,0.0067185,-0.027278833,-0.11140117,0.010238333
Neo-Aleut*(AD*1240–1820),0.049106429,-0.34861671,0.114106,0.056294286,-0.11162514,-0.031116143,-0.13697757,-0.16496014,-0.00093485714,-0.022154714,0.020716143,-0.0048814286,0.0049905714,-0.010459286,-0.021036714,-0.0081828571,0.000503,0.0091215714,0.018782857,0.013577857,0.014742,-0.027980857,0.0039085714,0.013495571,0.021281143
Neo-Eskimo*(Old*Bering*Sea*Culture)*(AD*180–1330),0.04678125,-0.3553845,0.11624745,0.0471257,-0.117945,-0.03792915,-0.12239355,-0.1415941,0.0004192,-0.01644675,0.0248859,-0.0058748,0.0095589,-0.0172097,-0.03365865,-0.0143992,-0.00247715,0.01295375,0.03347975,0.01919665,0.026809,-0.04413785,0.0080973,0.02875105,0.03753555
Nilotic*(Pastoral*Iron*Age)*(AD*1300–1790),-0.41204,0.0802265,-0.013388,-0.045543,0.003847,-0.0264945,-0.0091655,0.005769,0.1075795,-0.0853775,-0.016564,0.003372,-0.015535,0.000963,0.022258,-0.0241975,0.016494,-0.002407,0.014581,-0.010192,0.0018715,0.0059355,-0.0054845,-0.0037955,-0.000838
Nordic*Iron*Age*(Gotland)*(AD*600),0.127482,0.12491,0.076555,0.074613,0.041546,0.0251,0.003525,0.009923,0.003272,-0.004556,-0.005359,-0.002997,-0.004757,0.001514,0.014794,0.010607,-0.005737,0.009628,0.008673,0.007629,0.004492,0.002102,-0.00493,0.011688,-0.00012
Nordic*Iron*Age*(Nordland)*(AD*60–400),0.1308965,0.1310035,0.070333,0.0612085,0.0435465,0.021893,0.0066975,0.0098075,0.005011,-0.007836,-0.0076325,0.0002995,-0.0083995,-0.0065375,0.029112,0.001392,-0.0177975,0.001267,0.0026395,0.0068155,0.010232,0.004142,-0.000863,0.0078325,-0.00473
Nordic*Iron*Age*(Öland)*(AD*300–500),0.126059,0.12694113,0.075518375,0.062137125,0.04639325,0.02220675,0.005375625,0.010297625,0.006391375,-0.003849625,-0.00405975,-0.0008055,-0.004032375,0.00027525,0.016608625,0.00724275,-0.005525125,0.002027125,0.00622225,0.0069095,0.0062855,0.002009375,0.0006625,0.01093525,-0.000104875
Nordic*Iron*Age*(Rombäck)*(AD*450–500),0.12292867,0.11746267,0.073036,0.063738667,0.034775667,0.025657667,0.00611,0.010153667,0.0077716667,-0.0071073333,-0.0073616667,0.001149,-0.001883,-0.0071106667,0.018412667,0.0041546667,-0.015472333,0.0021536667,0.0046926667,0.0048353333,0.009608,0.00028866667,0.0012733333,0.013214667,0.00067866667
Nordic*Iron*Age*(Scania)*(AD*427–611),0.12862,0.126941,0.06939,0.0646,0.035391,0.01757,0.012221,0.003692,0.00225,-0.009659,0.00065,0.002847,-0.008474,0.006606,0.016829,-0.009679,-0.01708,0.006081,0.008296,0.001751,0.001248,0.000247,0.000246,0.006025,-0.000958
Nordic*Iron*Age*(Stockholm)*(AD*475–520),0.117807,0.133542,0.0786295,0.0563635,0.035391,0.0262155,0.0083425,0.003346,0.001943,-0.0095675,0.0028415,-0.004346,-0.0039395,0.0007565,0.0162865,0.0153805,-0.004759,0.003864,-0.004211,0.008754,0.0109805,0.007234,0.0078875,0.0177135,-0.005389
Nordic*Iron*Age*(Telemark)*(AD*400–500),0.126913,0.137604,0.080704,0.065892,0.042777,0.0249605,0.0103405,0.0062305,-0.0025565,-0.0111165,-0.0102305,-0.001873,-0.008399,-0.010872,0.0244975,0.0088835,-0.004759,0.004751,-0.001634,0.00519,0.009296,-0.0006805,-0.0023415,0.0083145,0.006706
Nordic*Iron*Age*(Trøndelag)*(AD*400–600),0.127482,0.125926,0.080327,0.069768,0.050779,0.0251,0.001645,0.009,0.005113,-0.013485,-0.000162,0.000749,-0.006392,-0.013074,0.019679,0.013259,-0.003651,-0.003927,0.005279,0.007253,0.006364,0,-0.000986,0.002048,0.003233
Nordic*Iron*Age*(Uppsala)*(AD*240–620),0.120273,0.11712433,0.081332333,0.0646,0.045136333,0.023892,0.00141,0.0066916667,0.0090673333,-0.0086866667,-0.011529667,0.003197,0.00084233333,-0.0056423333,0.014793667,0.011668,0.0014343333,0.000591,0.002933,0.009588,0.006863,0.0088616667,0.007929,0.011286333,-0.0063866667
Nordic*Iron*Age*(Zealand)*(AD*100–300),0.127482,0.131003,0.066185,0.066538,0.042931,0.0214745,0.0027025,0.0129225,0.00859,-0.010934,-0.003816,0.0080175,-0.0043855,-0.004542,0.0217835,0.007027,-0.0131685,0.008488,0.005091,0.0075035,0.0086725,0.007172,0.001171,0.013315,0.0015565
Norse*Viking*(Funen)*(AD*800–1000),0.1316555,0.13168033,0.071778833,0.059162833,0.041289833,0.022311333,0.0052875,0.0070766667,0.0061015,-0.0038875,-0.0042761667,0.0031471667,-0.0079038333,-0.0040598333,0.019362667,0.0074913333,-0.0051065,0.0038638333,0.005866,0.006253,0.010252833,0.0053996667,-0.0020336667,0.0095996667,0.00071833333
Norse*Viking*(Nordland)*(AD*700–1000),0.12862,0.12186375,0.0738215,0.0631465,0.04054575,0.02286875,0.00558125,0.0091725,0.0006135,-0.010023,-0.00202975,0.002023,-0.00598375,-0.006434,0.01954375,0.00778975,-0.003064,0.00237525,0.00697625,0.01019225,0.003712,0.001793,0.0025265,0.01214,0.0025745
Norse*Viking*(Oppland)*(AD*700–1000),0.12596433,0.11441633,0.073161333,0.065353667,0.038160667,0.019429667,0.004465,0.012615,0.0045673333,-0.006439,-0.00032466667,0.003597,-0.008771,-0.015367667,0.017055667,0.010563,-0.001695,0.0027026667,0.0070393333,0.0094213333,0.012395,0.003586,-0.0016843333,0.009238,0.000399
Norse*Viking*(Oxford)*(AD*880–1000),0.1283355,0.12389475,0.07023875,0.06516525,0.040469,0.024612,0.00376,0.010038,0.00035775,-0.00551275,-0.01055525,0.004421,-0.00780475,-0.006262,0.023649,0.01163475,-0.006845,0.00171025,0.0052165,0.0045645,0.00371225,0.00333875,-0.00040075,0.012592,0.0015265
Norse*Viking*(Saaremaa)*(AD*700–800),0.12990063,0.13062238,0.0728315,0.06742625,0.04639325,0.026076125,0.005992625,0.009749625,0.006647,-0.0072665,-0.003471125,0.000712,-0.0035865,-0.003853375,0.0196285,0.006894625,-0.0073015,0.003214875,0.00053425,0.007222125,0.01013825,0.003091125,0.0000155,0.015966125,0.00245475
Norse*Viking*(Sigtuna)*(AD*892–1040),0.12786133,0.12321767,0.073413,0.062662,0.041135667,0.022683333,0.0064236667,0.010384,0.003068,-0.0043736667,-0.0052503333,0.003197,-0.0081266667,-0.0064226667,0.019498667,0.011049,0.00026066667,-0.00084466667,0.005908,0.0032096667,0.0092753333,0.0071716667,-0.00456,0.012290667,0.0040713333
Norse*Viking*(Skara)*(AD*900–1100),0.13089667,0.133373,0.075172667,0.057709333,0.040725667,0.021939,0.002585,0.0079996667,0.004772,-0.005892,-0.0047633333,0.0029476667,-0.0046083333,-0.001743,0.021805667,-0.007204,-0.014429333,0.005152,0.003352,0.005294,0.008485,0.007419,-0.000082333333,0.0090773333,0.0019956667
Norse*Viking*(Zealand)*(AD*800–1000),0.13241433,0.13269567,0.071401667,0.060831667,0.043187667,0.021939333,0.0068153333,0.008692,0.00034066667,-0.0061353333,-0.0055753333,0.001149,-0.005798,-0.0062846667,0.022122667,0.008972,-0.0086486667,-0.00084466667,0.002011,0.005586,0.009525,0.0023906667,-0.0052176667,0.017954,0.0033926667
North*Amerindian*(Big*Bar)*(3980–3370*BC),0.052359,-0.311768,0.106348,0.085272,-0.09848,-0.013108,-0.198584,-0.240682,-0.005113,-0.013121,-0.002923,-0.004346,-0.003271,-0.003028,-0.008958,0.001061,0.001173,-0.000253,0.006159,0.016633,0.00574,-0.006801,0.003697,0.005543,0.006107
North*Amerindian*(Lucy*Islands)*(4310–3940*BC),0.053497,-0.335125,0.107857,0.075582,-0.107405,-0.020917,-0.192004,-0.233529,-0.004909,-0.019317,-0.006171,0.008393,0.003717,-0.007294,-0.006515,-0.008751,0.000782,0.007601,0.006285,0.006128,-0.000749,-0.005564,0.00986,0.00723,0.00491
North*Amerindian*(Mikmaq)*(AD*1500–1700),0.052359,-0.319892,0.120679,0.091409,-0.10125,0.004183,-0.208689,-0.249682,-0.00225,-0.026789,-0.000974,-0.002548,-0.003717,0.018441,-0.000407,0.021612,0.008996,0.012289,0.00264,-0.00988,-0.006364,-0.01014,-0.009244,0.005422,0.009819
North*Caucasian*(Middle*Bronze*Age)*(1970–1700*BC),0.1052865,0.13405,-0.0671275,-0.034238,-0.0533945,-0.0029285,0.013043,-0.006346,-0.0766965,-0.033805,0.0006495,0.013413,-0.0260155,-0.000275,0.004886,-0.0207505,0.012843,-0.000507,-0.010496,0.019134,0.017906,-0.0011745,-0.0043755,-0.0147005,-0.0044905
North*Illyrian*(750–1*BC),0.12475013,0.1487412,0.0351728,-0.000086133333,0.035903933,-0.0006694,0.0011593333,0.0020769333,0.011235133,0.026703733,-0.0024358,0.008772,-0.015470533,-0.0078077333,-0.0017552667,-0.0010341333,0.0035205333,0.003488,0.0055224,-0.0019342667,-0.0042925333,0.0030171333,-0.0014789333,0.0000642,-0.0029936667
North*Rhine*(Merovingian*Period)*(AD*400–800),0.12161546,0.13600277,0.048938692,0.027976769,0.037095538,0.0098898462,0.00041576923,0.007047,0.0062772308,0.010373385,-0.0043970769,0.0052106154,-0.011881385,-0.0084372308,0.010753385,0.0084551538,-0.0035504615,0.00066276923,0.0017596923,-0.0024433846,0.0013149231,0.0015693846,-0.00073,0.0074244615,0.0014092308
Northeast*European*Mercenary*(Himera)*(480*BC),0.1257745,0.1152625,0.0778755,0.0825265,0.0349295,0.0309565,0.0105755,0.0093455,-0.0096125,-0.0334405,-0.0021925,-0.012139,0.012116,0.0169275,-0.0134365,0.0091485,0.014342,-0.0001265,-0.002891,0.01013,-0.0009985,-0.008841,0.008319,-0.01693,0.0011975
Northeast*Iran*(Bronze*Age)*(3400–3000*BC),0.080182,0.098393444,-0.098386556,-0.0066394444,-0.082442667,0.011093778,0.0066583333,-0.0062048889,-0.067788222,-0.035151333,-0.0016057778,0.0043627778,-0.0073338889,-0.0059941111,0.014642667,0.023409333,0.0015935556,0.0018861111,0.0054188889,-0.014868222,0.0034524444,-0.0095076667,-0.0043138889,-0.016508333,0.010178556
Northwest*African*(Early*Neolithic)*(5200–4900*BC),-0.180979,0.092413,-0.019987,-0.089148,0.033237,-0.059125,-0.077318,0.019615,0.156256,-0.000364,0.022734,-0.028025,0.074628,-0.047205,0.072746,-0.0297,0.00352,-0.062964,-0.149204,0.04252,-0.043299,-0.118212,0.081467,-0.005904,0.027902
Northwest*African*(Late*Neolithic)*(3800–3600*BC),0.022765,0.149283,0.003771,-0.096254,0.048317,-0.053268,-0.026556,0.006692,0.082628,0.054671,0.020623,0.002847,0.004014,-0.02491,0.005429,0.008353,0.033248,-0.01723,-0.033813,0.000375,-0.019341,-0.021268,0.01442,-0.008676,0
Nubian*(Christian*Period)*(AD*660–960),-0.21335522,0.10888733,-0.029247778,-0.077484111,0.0043768889,-0.034613444,-0.024206,0.0095893333,0.084854778,-0.048839111,-0.002075,-0.0054117778,0.0069373333,-0.000474,0.012049,-0.0098704444,0.0036942222,-0.010388444,0.0025837778,-0.00083377778,-0.001733,0.00015111111,0.0029578889,0.00091044444,-0.0011708889
Numidian*(Ovilava)*(AD*120–220),-0.020488,0.144205,-0.010182,-0.076551,0.019388,-0.030399,-0.020681,0.002077,0.058085,0.019681,0.005684,-0.004646,0.012487,-0.008533,0.013979,-0.010077,0.009127,-0.014569,-0.03507,0.006128,-0.006364,-0.028935,0.016515,-0.001205,0.003233
Numidian*(Sitifis)*(AD*81–210),-0.029594,0.144205,0.003017,-0.073321,0.0397,-0.05773,-0.020211,0.007615,0.067493,0.030798,-0.002598,-0.0003,0.014866,-0.010872,0.008279,-0.022673,0.002738,-0.015076,-0.040349,0.004877,-0.010981,-0.028935,0.010106,-0.019882,0.003113
Okunevo*Culture*(2700–1800*BC),0.082033929,-0.15849507,0.077363643,0.097592214,-0.076453786,0.006554,-0.024441,-0.029899857,-0.025097929,-0.049711357,0.0069826429,-0.0035860714,0.011096571,-0.041267143,0.014677143,0.0092812143,-0.0068264286,-0.0019092857,0.0022805,0.0055472857,-0.026301786,0.010740071,0.011972643,0.0082024286,-0.0064663571
Onogundur*Bulgar*(AD*550–850),0.087644,-0.092413,0.05242,0.0323,-0.037545,-0.006136,0.00376,0.006923,-0.007158,-0.017495,-0.007957,-0.00045,0.003568,-0.006055,-0.004207,-0.006629,-0.008736,0.0019,0.002011,-0.003126,-0.004492,0.009769,0.004807,-0.00012,-0.00467
Ostrogoth*(Pannonia)*(AD*453–473),0.119799,0.133288,0.061565,0.049096,0.04439275,0.02042875,0.004935,0.008884,0.0046015,-0.001139,-0.006739,0.00700625,-0.010592,-0.01458775,0.01642225,0.01266225,0.0073015,0.00408575,0.00553075,0.0083475,0.00598925,0.006399,0.00323525,0.014761,-0.005658
Ottoman*Turk*(Çapalıbağ)*(AD*1300–1650),0.090679,0.041298167,-0.012130667,-0.029123833,-0.023337667,-0.012759167,0.0052875,-0.00090375,-0.015219917,-0.00092625,-0.00431675,0.003909,-0.0039149167,-0.0017089167,-0.00062208333,-0.0028395833,-0.00045625,0.00114,0.00214725,-0.00122975,-0.0045544167,0.0011025833,0.00077025,-0.0019380833,-0.0012773333
Ottoman*Turk*(Kaman-Kalehöyük)*(AD*1462–1635),0.087644,0.059916,-0.008674,-0.034238,-0.020927,-0.015618,0.00376,0.004615,-0.020248,-0.003098,-0.002273,0.004196,0.012636,0.001789,0.002579,-0.000133,0.003651,0.006714,0.003268,-0.002501,-0.006613,0.001113,-0.005053,0.000843,-0.001197
Paeonian*(750–100*BC),0.12586925,0.15326033,0.021747333,-0.020241333,0.027517833,-0.0089709167,-0.0011945833,-0.0021536667,0.00420975,0.031101667,0.00281475,0.0077555833,-0.015559833,-0.0054130833,-0.012972583,-0.00179,0.0069864167,0.0031778333,0.006819,-0.0081913333,-0.0105335,0.0052038333,-0.00064708333,0.0062255833,-0.0023550833
Paleo-Aleut*(AD*690–1560),0.0512205,-0.352389,0.1153985,0.058463,-0.11556,-0.0224505,-0.143239,-0.1703005,-0.0049085,-0.0230525,0.0166445,-0.00015,0.0078045,-0.005849,-0.017644,-0.005635,-0.008084,0.006398,0.021934,0.010255,0.012603,-0.0290585,0.0062855,0.01928,0.026345
Pannonian*(Migration*Period)*(AD*450–568),0.11651889,0.14864137,0.011492368,-0.029478,0.025786,-0.013005105,0.0015584737,-0.0014087895,0.0052098421,0.026481737,-0.00018805263,0.0058605263,-0.010703579,-0.0033826316,-0.010179105,-0.0033914737,0.0064506316,-0.00055347368,0.0048824737,-0.0049234737,-0.0060943684,0.0026162632,0.0032497895,0.0031392632,-0.0031953684
Pannonian*Slav*(Avar*Period)*(AD*550–640),0.135449,0.128972,0.080704,0.063954,0.034776,0.034025,0.006815,0.007615,0.009613,-0.02041,-0.001461,-0.005245,0.010852,0.026561,-0.014658,-0.002254,0.002347,0.001267,0.01081,-0.001751,0.001622,-0.002844,0.009613,-0.008314,0.005389
Papuan*(AD*570–770),-0.0421145,-0.241696,-0.2196725,0.2411205,0.1715705,-0.378036,0.0038775,0.0069225,-0.0224975,-0.0057405,-0.004628,0.0016485,0.000595,-0.006606,-0.0075325,-0.0015245,0.0051505,0.000127,0.000566,-0.0019385,0.0014345,0.001298,-0.0027115,-0.0048195,-0.0007185
Philistine*(Aegean)*(1280–1130*BC),0.10927,0.158423,-0.00264,-0.0646,0.024928,-0.026774,0.00611,-0.006461,0.003477,0.053942,-0.007307,0.016785,-0.025124,0.001789,-0.022665,0.010872,0.034421,0.004307,0.007165,-0.011881,-0.008235,0.016693,0.013434,-0.006145,0.006347
Philistine*(Anatolian)*(1200–1000*BC),0.117238,0.1635,-0.046386,-0.077197,0.000308,-0.030957,0.009635,0.001846,-0.007567,0.040092,0.00747,0.006145,-0.015609,0.002615,-0.029858,0.002784,-0.01017,0.009755,0.006536,-0.009129,-0.008859,-0.000742,-0.012202,0.007591,-0.000718
Phoenician*(Achaemenid*Period)*(539–330*BC),0.087928125,0.15106,-0.049072875,-0.09181275,-0.010232375,-0.0320375,-0.004553125,-0.009288,0.010865125,0.01334875,0.00702325,-0.004083875,0.011131125,0.001978125,-0.009805875,0.002370125,0.001646125,-0.000332625,0.00312675,0.00034375,0.002698375,0.005440625,-0.0038975,-0.002635875,-0.004745125
Phoenician*(Assyrian*Period)*(1000–539*BC),0.092766,0.157407,-0.051288,-0.1027145,-0.0141565,-0.0384865,-0.0117505,-0.0028845,0.0193275,0.0070165,0.0099055,-0.0062945,0.02386,0.00172,-0.0167615,0.014585,-0.001369,0.002027,0.0064735,-0.001063,-0.0041175,0.006368,-0.0060395,0.0011445,-0.002455
Phrygian*(780–30*BC),0.110246,0.149428,-0.033779,-0.070275571,-0.0041767143,-0.024462429,0.0025514286,-0.0072522857,-0.011686857,0.021191286,0.0028995714,0.0044532857,-0.0092382857,-0.0012778571,-0.014076,-0.0068567143,0.0092572857,-0.00030771429,0.0045968571,-0.0029658571,-0.0055794286,0.0030207143,-0.000035142857,0.001773,0.002241
Pict*(AD*100–1000),0.12776675,0.13938125,0.05779375,0.0508725,0.038161,0.01715175,0.0005875,0.0064035,0.00588,0.006105,-0.0071045,0.00719375,-0.01572075,-0.01648025,0.02751725,-0.00241975,-0.017667,0.0017735,0.002074,0.00050025,0.00115425,0.006832,-0.00560775,0.016689,0.001766
Pitted*Ware*Culture*(3350–2300*BC),0.12915127,0.1146872,0.136392,0.1317204,0.081799867,0.038449733,0.000031266667,0.0124918,0.043209133,-0.012732133,0.00062786667,-0.011379933,0.015629133,-0.0171386,0.020276533,0.034791533,0.0041028,0.0041048,-0.0009218,0.029447467,0.045403267,0.010428,-0.023926533,-0.0851124,0.003824
Poltavka*Culture*(2800–2200*BC),0.12492088,0.088605125,0.047139875,0.11466588,-0.024581375,0.0463305,0.004200625,0.000346125,-0.053074125,-0.072530125,0.002375,-0.001198875,0.000631875,-0.019318625,0.03550775,0.01287775,-0.003471375,-0.002375375,-0.004477875,0.008723,-0.002901125,0.001437375,0.012602125,0.020123375,-0.0040715
Post-Cabraline*Polynesian*(Minas*Gerais)*(AD*1479–1842),0.0028455,-0.377269,-0.0876805,0.018088,0.1481815,-0.0529895,-0.0085775,-0.0083075,-0.025361,-0.019499,0.038892,0.006594,-0.0037165,-0.008051,0.008279,0.008287,-0.0022165,0.00076,0.007605,-0.0013755,-0.001248,-0.026338,-0.001479,-0.0081335,-0.046343
Post-Medieval*Albanian*(AD*1400–1700),0.1220184,0.1486734,0.014934,-0.0221578,0.0270204,-0.0087572,0.002491,0.0023998,0.0008998,0.0174582,0.0027282,0.0060248,-0.0076114,0.006936,-0.0207924,0.0010872,0.0178106,0.00038,0.0054804,-0.0047522,-0.0116046,0.0032892,0.0015038,0.0046272,-0.0064664
Post-Medieval*Anatolian*Greek*(Balıkesir)*(AD*1479–1652),0.108701,0.1472515,-0.010748,-0.042959,0.0030775,-0.0135265,0.001645,-0.000923,-0.011965,0.011481,0.003004,0.0027725,-0.0028245,0.007294,-0.012893,-0.0059,0.0025425,-0.0008235,0.0027025,-0.006503,-0.008672,0.0034005,-0.0022805,-0.0035545,0.001437
Post-Medieval*Anatolian*Greek*(Nicaea)*(AD*1490–1639),0.111547,0.167562,-0.044877,-0.073967,-0.002154,-0.027052,0,-0.015922,-0.011862,0.022051,-0.001949,0.010191,-0.008622,-0.001789,-0.012758,-0.003845,0.006128,-0.003167,0,0.001126,-0.003369,0.000989,-0.006779,0.000602,-0.0097
Post-Medieval*Anatolian*Greek*(Roopkund)*(AD*1803–1811),0.10927,0.144205,-0.04186,-0.062339,-0.009232,-0.0251,-0.00047,-0.006923,-0.018816,0.012757,0.011367,-0.002398,-0.003717,0.004954,-0.013301,-0.003447,0.005867,0.003167,0.004902,-0.009755,-0.005241,0.000866,0.003821,0.002892,0.007784
Post-Medieval*Andamanese*(AD*1860),-0.022765,-0.232556,-0.131615,0.10013,0.028928,-0.008367,-0.021621,-0.001385,0.059107,0.023326,0.020623,0.002398,-0.002676,0.003991,-0.021987,-0.008618,0.008866,-0.002914,-0.001508,0.027263,-0.007487,0.008532,-0.012325,-0.001084,0.000479
Post-Medieval*Assyrian*(Midyat)*(AD*1453–1631),0.098457,0.1391275,-0.064865,-0.068799,-0.025389,-0.0255185,0.004465,-0.003923,-0.0209635,-0.0002735,0.007064,0.0061445,0.0001485,0.006537,-0.0017645,0.0025195,-0.006324,0.008488,0.0023255,-0.008879,0.002184,0.004266,-0.000493,-0.0020485,0.00012
Post-Medieval*Balkan*Roma*(AD*1450–1800),0.0859365,0.0619475,-0.060528,0.0176035,-0.018773,0.0119925,0.0005875,0.001615,0.011862,0.015946,-0.001786,-0.0028475,0.0026015,0.008326,-0.013233,-0.0104085,0.0068455,-0.001457,0.003771,-0.000375,0.002059,0.001113,0.000801,0.00235,0.0016165
Post-Medieval*Bedouin*(Tell*el-Hesi)*(AD*1500–1800),0.05805,0.141159,-0.058077,-0.111113,-0.009232,-0.043507,-0.010575,-0.009461,0.048881,-0.002369,0.022897,-0.036867,0.065857,-0.003853,0.003257,0.029833,-0.023469,0.000887,-0.004022,0.025137,0.010606,0.018177,-0.011709,0.014339,-0.010538
Post-Medieval*Bornean*(Sabah)*(AD*1448–1653),0.008537,-0.4199215,-0.056191,-0.0570095,0.150028,0.0433675,-0.0031725,-0.0083075,-0.022702,-0.023053,0.0637375,0.0017235,-0.0118185,0.005092,0.009636,0.0169715,-0.0026075,0.0046875,0.007919,-0.002126,0.0000625,-0.0144675,-0.009983,-0.010905,-0.0481395
Post-Medieval*Central*Italian*(Tivoli*Palazzo*Cianti)*(AD*1600–1700),0.1115465,0.148267,-0.00132,-0.037468,0.0107715,-0.0151995,-0.0029375,0.000346,0.001943,0.0241465,0.0012995,0.0040465,-0.008994,-0.006262,-0.0046825,0.0064305,0.011539,0.004371,0.0045875,-0.002001,-0.00287,-0.000989,0.00265,0.005603,-0.0031735
Post-Medieval*Faroese*(AD*1500–1700),0.13077011,0.136081,0.065744778,0.052074778,0.041717,0.018220889,0.0036033333,0.0054101111,0.0034315556,0.00028344444,-0.0016418889,0.0045791111,-0.0099766667,-0.0099088889,0.026073333,0.0028875556,-0.012386444,0.0029842222,0.0058798889,0.0015286667,0.00635,0.0034485556,0.0025881111,0.012277444,-0.0017163333
Post-Medieval*Greek*Islander*(Roopkund)*(AD*1803–1811),0.10770513,0.14572863,-0.0119265,-0.04481625,0.008078375,-0.01502525,-0.002673125,-0.003201625,-0.00294,0.01754025,0.001238125,0.00237925,-0.002322875,0.002322375,-0.014233625,0.000232,0.008328125,0.001409375,0.00031425,-0.0045335,-0.002838625,0.003029375,-0.001032125,0.00015075,0.000239375
Post-Medieval*Greek*Mainlander*(Roopkund)*(AD*1803–1811),0.116669,0.1416665,0.000377,-0.019057,0.020465,-0.0043225,0.00141,0.0038075,-0.0061355,0.0091115,0.0010555,0.0014985,-0.0032705,0.0089455,-0.012554,-0.004773,0.004498,-0.00038,-0.000314,-0.007316,-0.0107935,-0.001422,0.001787,-0.0016265,-0.003413
Post-Medieval*Han*Chinese*(Fujian)*(AD*1616–1669),0.013659,-0.44988,-0.010182,-0.070091,0.077553,0.039324,-0.00611,-0.014307,-0.01718,-0.010023,-0.052939,-0.005545,0.00773,-0.006606,0.001493,-0.012596,-0.001695,0.002027,0.001508,-0.012506,0.012728,-0.003091,0.017255,-0.003133,-0.009221
Post-Medieval*Hmong-Mien*(Guangxi)*(AD*1437–1644),0.0125205,-0.4351545,-0.030358,-0.06258125,0.1062505,0.0498515,-0.0005875,-0.008538,-0.01354975,-0.01116175,-0.0198115,-0.0032595,0.00739625,-0.0088765,0.001561,-0.0009945,0.0034225,-0.0027875,-0.00889325,-0.0155385,0.015691,0.00766625,0.01796325,0.00385575,0.0120945
Post-Medieval*Japanese*(Tokugawa*Period)*(AD*1650–1950),0.013658667,-0.41433567,0.0052796667,-0.042097667,0.039802333,0.0056706667,0.0019583333,0.0035386667,0.0018403333,0.012392333,-0.063764667,-0.0062943333,0.009663,-0.0017433333,-0.012984,-0.005878,0.006041,0.0061233333,0.000041666667,-0.0047103333,0.031985333,-0.021474333,0.007354,0.0047796667,-0.043269667
Post-Medieval*Russian*(Suzdal)*(AD*1581–1874),0.128051,0.105869,0.0774985,0.0663765,0.0310055,0.0198015,0.0098115,0.01626875,-0.002352,-0.02501175,0.00304475,-0.0091795,0.01661325,0.01964575,-0.00919475,-0.00003325,-0.00114075,-0.0024705,0.002514,0.000469,-0.002558,-0.003246,0.00949,-0.0013255,0.001497
Post-Medieval*Saami*(Chalmny*Varre)*(AD*1700–1800),0.113823,-0.012694,0.1104965,0.0831725,-0.0090785,0.009482,0.007285,0.0168455,0.007158,-0.025331,0.0206235,-0.0041215,0.0219275,-0.013005,-0.009229,0.0039775,0.0011085,-0.0046875,-0.0054675,0.007066,0.008111,-0.0001855,-0.00037,0.0037955,-0.000599
Post-Medieval*Southeast*Asian*(Roopkund)*(AD*1803–1811),0.009106,-0.395041,-0.084475,-0.026486,0.152336,0.069723,-0.00188,-0.001846,-0.010226,-0.016583,0.096784,0.007343,-0.01442,0.012524,0,0.002254,0.001695,-0.003927,-0.000251,0.02151,-0.007986,0.007419,-0.014543,0.014942,0.040835
Post-Medieval*Swat*Valley*(Singoor)*(AD*1485–1650),0.084229,0.021326,-0.064488,0.062662,-0.053856,0.029284,0.00094,0.003461,-0.025361,-0.017859,-0.005521,0.003147,-0.00223,-0.018992,0.013979,0.021877,0.002347,0.000507,0.00817,-0.001501,-0.00574,-0.014715,0.006779,0.004097,0.005029
Post-Medieval*Swede*(Kronan's*Crew)*(AD*1676),0.12691288,0.12808362,0.070898625,0.06048175,0.040315,0.020080125,0.006168875,0.007874625,0.004474,-0.007676625,-0.003552125,-0.001405125,0.00351225,-0.002597625,0.013063125,0.00634775,-0.005606375,0.0040855,0.003504,0.004986875,0.0095145,0.003895,0.001324875,0.006536875,-0.001856125
Post-Medieval*Syrmia*(AD*1461–1635),0.12558467,0.12964933,0.056065333,0.042420667,0.041443667,0.0085523333,0.010184,0.006923,-0.00027266667,-0.0060136667,-0.0040596667,-0.0058946667,0.006095,0.015826667,-0.013798333,0.00057433333,0.005172,0.00097133333,0.005489,0.0064196667,-0.0017466667,-0.005111,-0.00020533333,-0.00060266667,0.0010376667
Post-Medieval*Tian*Shan*Nomad*(AD*1780–1834),0.088782,-0.007109,-0.003771,0.021318,-0.042162,0.015339,0.003525,-0.001846,-0.019634,-0.027153,-0.011205,-0.004946,0.009812,-0.009909,0.012079,0.009414,-0.014212,0.008742,0.001383,-0.012506,-0.006239,-0.001484,0.00456,-0.000482,0.006586
Post-Medieval*Vietnamese*(Hon*Hai*Co*Tien)*(AD*1641–1950),0.017073,-0.423476,-0.037712,-0.05491,0.122484,0.061914,-0.00188,-0.006,-0.014112,-0.005467,-0.006333,0.007793,-0.00446,0.006744,0.004886,0.002387,-0.008345,-0.002027,0.000251,-0.006503,0.002121,-0.002597,0.022185,-0.00735,-0.007065
Pre-Christian*Gael*(Iceland)*(AD*870–1000),0.125433,0.130597,0.0578504,0.0521968,0.0371762,0.0194666,0.001927,0.0062306,0.0067082,0.0091118,-0.0066254,0.002338,-0.0199204,-0.0172852,0.0223666,-0.0003714,-0.0122822,0.0018498,0.0021116,0.0034266,0.0007486,0.0036354,-0.001972,0.0121462,0.0009342
Pre-Christian*Norse*(Iceland)*(AD*870–1000),0.1283924,0.1295816,0.0780642,0.0669256,0.0402538,0.0184068,0.002115,0.0105688,0.0018406,-0.0054306,-0.0040922,0.0020082,-0.0022298,-0.0077068,0.0181052,0.008353,-0.0011474,0.0015708,0.005581,0.0011756,0.007262,0.0005194,-0.0021444,0.0144596,0.0050056
Pre-Colonial*Chamorro*(Latte*Period)*(AD*1250–1800),0.015964385,-0.44605169,-0.050882282,-0.063887744,0.14509213,0.060769538,-0.00611,-0.0099284872,-0.023163564,-0.026975718,0.053696462,0.005741,-0.005988359,-0.0038957436,0.014382872,0.010124385,-0.0049746667,0.0070425385,0.010932487,-0.015388692,0.0040664872,-0.034159872,-0.0084851282,-0.0091237949,-0.064204308
Pre-Colonial*Guanche*(AD*593–1159),-0.041204,0.1322218,-0.0036956,-0.0673132,0.033237,-0.0350846,-0.0358158,0.0107994,0.068352,0.0342604,0.009581,-0.0063242,0.017542,-0.0183864,0.0226924,-0.0134178,0.0005736,-0.0164696,-0.0460558,0.0120058,-0.0134012,-0.036824,0.0238854,-0.002193,0.003736
Pre-Colonial*Polynesian*(Raiatea)*(AD*1508–1654),-0.004553,-0.364575,-0.087492,0.01615,0.145258,-0.054941,-0.004465,0.009692,-0.027406,-0.017495,0.026469,0.006744,0.002973,-0.012386,0.01045,0.009944,-0.002217,0.008108,0.000126,-0.001876,0.014849,-0.026709,-0.002588,-0.00253,-0.043948
Punic*(Carthaginian)*(760–400*BC),0.0549195,0.15766075,0.006034,-0.06137,0.04193075,-0.028168,-0.01445325,-0.0013845,0.05051725,0.0471535,0.0064955,-0.0026225,0.001338,-0.0140375,-0.00057675,-0.0064305,0.00948525,-0.00747475,-0.02174575,-0.0002815,-0.0095455,-0.01520925,0.00606975,-0.00259075,0.00218525
Punic*(Ibiza)*(360–180*BC),0.084229,0.140143,0.006411,-0.035853,0.032929,-0.015897,-0.002115,-0.005538,0.02986,0.041732,0.001624,0.009292,-0.004757,-0.007569,0.007736,0.011138,0,-0.007855,-0.001508,0.001251,0.000499,-0.011005,0.000123,-0.008796,0.00467
Punic*(Sardinia)*(820–400*BC),0.0529275,0.1541065,0.0079195,-0.07049475,0.03893025,-0.03458225,-0.01198525,0.003346,0.04525075,0.0401375,0.00377575,-0.0047955,0.0032705,-0.01310875,-0.0003055,-0.00357975,0.00808375,-0.0117185,-0.01341825,-0.001782,-0.01085575,-0.01400375,0.0072715,-0.008013,0.008592
Qijia*Culture*(Upper*Yellow*River)*(2050–1850*BC),0.0179842,-0.443177,0.0224764,-0.0509048,0.0204344,-0.0025656,0.0098704,0.0062768,-0.0015546,0.009622,-0.090288,-0.0101612,0.0121606,-0.0012938,-0.007899,-0.0028108,-0.002008,-0.0032686,-0.0060586,0.0010506,0.0014726,0.0159266,0.0055708,0.0018316,0.025243
Quadi*(AD*100–200),0.136588,0.127957,0.079195,0.057171,0.04647,0.019522,0.00705,0.01223,0.001023,-0.012028,0.00065,-0.001349,0.00223,-0.007707,0.019815,0.013524,-0.008345,0.006461,0.006159,0.005002,0.012353,0.00371,0.001356,0.01458,0.001437
Raeti*(180*BC–AD*10),0.127482,0.15436,0.048649,-0.002261,0.051702,-0.003626,0.005875,-0.001846,0.016362,0.035901,0.003573,0.013488,-0.01888,-0.00812,-0.002579,0.001724,0.004433,0.000507,0.00176,-0.007629,0.006863,0.005564,-0.008011,-0.005422,-0.000239
Remedello*Culture*(3500–1770*BC),0.120273,0.16756233,0.037460667,-0.051034,0.077655667,-0.026494333,-0.010105333,0.0055383333,0.056107667,0.083585333,-0.0030853333,0.013438,-0.026362333,-0.011468333,-0.017915,-0.0063203333,0.0075623333,0.0061653333,0.009553,-0.010672,0.00183,0.00028833333,-0.019226667,-0.025345,-0.0085423333
Republic*of*Metz*(AD*1298–1395),0.1303275,0.1431895,0.056568,0.0402135,0.0400075,0.012829,0.0062275,0.0087685,0.007874,0.003462,-0.008201,0.0094415,-0.012859,-0.0092205,0.009161,0.0116015,0.004303,0.0050045,-0.000126,0.013194,0.005615,0.0037715,0.0022185,0.007471,-0.006347
Rinaldone*Culture*(3500–2500*BC),0.121791,0.179749,0.031678,-0.061047,0.072321,-0.028726,-0.00893,-0.002769,0.049495,0.092394,0.004384,0.013788,-0.0278,-0.005505,-0.019001,-0.001724,0.0103,0.002407,0.003394,-0.011756,0.009358,0.010634,-0.0053,-0.033258,0.001676
Roman*Achaia*(AD*250–410),0.104717,0.145221,-0.027907,-0.064277,0,-0.024821,-0.001645,-0.002308,-0.000409,0.007654,0.012017,0.005395,0.005649,0.001239,-0.008007,0.011403,0.02034,-0.003801,0.006788,0.003126,-0.005366,-0.004328,0.002958,-0.000964,-0.006826
Roman*Anatolian*(Amisos)*(AD*241–362),0.117238,0.147252,-0.034695,-0.066861,0.007078,-0.024263,0.00329,-0.006,-0.008385,0.026424,0.00341,0.005395,-0.004906,-0.002064,-0.016694,0.009149,0.01369,0.0019,0.000251,-0.0005,0.000873,-0.002349,-0.002835,-0.000241,-0.000958
Roman*Anatolian*(Apollonia)*(100*BC–AD*200),0.108132,0.155376,-0.02753,-0.070737,-0.008617,-0.032909,-0.00235,-0.004384,-0.001227,0.021868,0.000974,0.011839,-0.018434,-0.000275,-0.016829,0.001193,0.005607,0.010135,0.002891,0.002751,0.002371,0.010263,-0.000986,-0.001807,-0.005389
Roman*Anatolian*(Hattusa)*(AD*130–190),0.1064245,0.152837,-0.0422375,-0.0686375,-0.0089245,-0.0192435,-0.00188,-0.0061155,-0.0068515,0.022871,0.0043035,0.0018735,-0.0165755,0.0086015,-0.013097,-0.004309,0.0048895,-0.002787,0.0017595,-0.005315,-0.0009355,-0.0005565,-0.0023415,0.0019885,-0.00455
Roman*Anatolian*(Stratonikeia)*(27*BC–AD*476),0.10927,0.154699,-0.039472,-0.071383,-0.0019493333,-0.018685667,-0.0024283333,-0.010615,-0.0016363333,0.0212,0.0064416667,0.003547,-0.009217,0.003716,-0.014838667,-0.0023423333,0.0017823333,0.0027873333,0.0081703333,-0.012672667,-0.00074833333,0.0020196667,-0.001849,0.0011646667,0.0025146667
Roman*Dalmatian*(AD*100–520),0.1190591,0.1519231,0.010597,-0.0276811,0.0234197,-0.013024,-0.000376,-0.0012463,0.0048881,0.0249481,-0.0009255,0.0049156,-0.0142269,-0.00139,-0.0106539,-0.0084327,-0.0006649,0.0003167,0.0062096,-0.0076163,-0.0061766,0.0027079,-0.000493,0.0017591,-0.0015567
Roman*Iberian*(Baetica)*(AD*200–430),0.080435,0.14623633,0.017599,-0.031977,0.037750333,-0.020544667,-0.0024283333,0.006846,0.028838,0.035171333,-0.0035183333,0.0036966667,-0.0046086667,-0.015046667,0.0062883333,0.005878,0.008475,-0.00587,-0.01081,-0.0012506667,0.000416,-0.002844,0.006039,-0.0020486667,-0.0039516667
Roman*Iberian*(Conimbriga)*(AD*260–410),0.113254,0.146236,0.050911,0.007752,0.0486245,0.001952,0.00423,0.0016155,0.0330305,0.0309805,-0.0025985,0.0082425,-0.019623,-0.0108725,0.0146575,0.005436,0.001499,0.004244,0.002514,0.003064,0.006426,0.001422,-0.003636,-0.0091575,0.0025145
Roman*Iberian*(Empuries)*(AD*100–200),0.129758,0.140143,0.049026,0.019057,0.055703,-0.003904,-0.000235,-0.008538,0.031292,0.041914,-0.007795,0.006444,-0.012042,-0.008533,0.012486,0.011535,0.00665,0.00152,-0.004777,0.001126,0.004991,0.005441,-0.00419,0,0.003113
Roman*Iberian*(Miroico)*(AD*260–590),0.1038068,0.1429866,0.0371088,-0.0081396,0.0441926,-0.0052988,-0.0052642,0.0010152,0.0293696,0.0318548,-0.0050016,0.007883,-0.010317,-0.0160192,0.0069762,-0.000106,-0.0010952,-0.0008106,-0.0077934,-0.0013256,0.0039682,-0.0009148,0.0003202,-0.0047476,0.0003594
Roman*Levantine*(Beirut)*(AD*1–135),0.083849667,0.146575,-0.05506,-0.092055,-0.016516,-0.030492333,-0.00235,-0.0073843333,0.0068173333,0.0093546667,0.010555,-0.008942,0.015559667,-0.0015136667,-0.011446,0.015203667,0.010909,0.0031246667,-0.000461,0.0019593333,0.0011646667,0.0046163333,-0.0064496667,0.0060246667,-0.0050693333
Roman*Levantine*(Qornet*ed-Deir)*(AD*237–529),0.087359,0.146998,-0.0563795,-0.08721,-0.00992475,-0.02900475,-0.00658,-0.007442,0.008897,0.015718,0.0021515,-0.0108655,0.01222725,-0.00010325,-0.00983975,0.00961275,0.00280325,-0.00095,0.001257,0.003877,0.00053025,0.00460575,-0.00218775,-0.00238,-0.0059275
Roman*Levantine*(Rome)*(27*BC–AD*300),0.08508275,0.14852125,-0.05232525,-0.08438375,-0.0126945,-0.02754025,-0.006874,-0.007961,0.01222025,0.01070625,0.00223275,-0.00202325,0.0095145,-0.00244275,-0.005904,0.00338075,0.00678,0.00183675,-0.002011,0.00297,-0.00327575,0.006801,-0.00061625,-0.0035545,-0.0016165
Roman*Moesian*(AD*150–350),0.121791,0.15909933,0.013199333,-0.030146667,0.032108333,-0.013572667,0.00235,0.0030766667,0.003886,0.033531333,0.0061706667,0.010590667,-0.014321333,-0.0014223333,-0.02072,-0.0010163333,0.014907333,0.0019846667,0.008799,-0.0065863333,-0.011230333,0.008079,-0.00341,0.003414,-0.0011576667
Roman*Noricum*(Ovilava)*(AD*210–330),0.127482,0.14319,0.053551,0.020026,0.042469,0.002789,0.0047,-0.002769,0.019021,0.028064,-0.000162,0.007044,-0.015609,-0.007019,-0.000543,0.004375,0.002217,0.000887,0.007793,-0.005503,0.000125,0.00779,-0.000739,-0.00494,0.00012
Roman*Pannonian*(AD*240–400),0.12122167,0.150129,0.023255833,-0.013942833,0.031544167,-0.0063213333,0.0016058333,0.003,0.007056,0.0233265,-0.000433,0.0068938333,-0.012363833,-0.0026378333,-0.0068311667,-0.0097011667,-0.003716,0.0010768333,0.0071018333,-0.0070866667,-0.006343,0.00012383333,-0.000144,0.0018675,-0.000519
Roman*Upper*Mesopotamian*(Nevali*Çori)*(AD*66–332),0.0808145,0.140651,-0.057134,-0.073644,-0.0196955,-0.015618,-0.003995,-0.0053075,0.0003065,0.005467,0.004547,-0.0005995,0.0046085,-0.0002755,-0.010247,-0.0009945,-0.00854,-0.00114,-0.001634,-0.002001,0.0039305,0.0001855,-0.003882,0.0040365,0.005868
Romano-Briton*(AD*43–400),0.127482,0.138366,0.05647375,0.04998425,0.04131525,0.01436275,0.00235,0.00582675,0.00219875,0.0054215,-0.00369425,0.00887975,-0.01557225,-0.016274,0.02463325,0.00590025,-0.003879,-0.000412,0.0045565,0.0054715,0.0043675,-0.00064925,-0.00406725,0.0093385,-0.0003295
Rus'*(Sunghir)*(AD*1050–1220),0.126344,0.120848,0.071276,0.059755,0.043085,0.018686,0.00799,0.007384,-0.003068,-0.014397,0.000974,-0.007493,0.013677,0.025598,-0.012758,-0.005038,0.002608,-0.002027,0.000503,0.003377,-0.009109,-0.00779,0.011092,-0.009399,-0.002754
Rus'*(Suzdal)*(AD*1002–1208),0.11809125,0.11348525,0.07419825,0.06516525,0.02723575,0.0223115,0.0081075,0.01407625,-0.0003065,-0.022096,-0.0016645,-0.00629425,0.016873,0.02325825,-0.00587,-0.005204,-0.00446575,-0.0039275,0.0019485,0.003189,0.0029945,-0.00655375,0.00576175,-0.006567,-0.00646675
Saami*(Iron*Age)*(AD*300–800),0.10471725,-0.03579725,0.106254,0.07808525,-0.0115405,0.008297,0.00564,0.016615,0.00470425,-0.0301145,0.03280225,-0.00738075,0.01854525,-0.01930175,-0.00658225,-0.0025525,-0.00003275,-0.00364225,-0.00590775,0.000469,0.0159405,-0.00170025,-0.00228,0.00304275,0.00161675
Saka*(Central*Steppe)*(800–600*BC),0.082901333,-0.118986,0.0576365,0.043820333,-0.036417167,0.002417,0.001136,0.0013846667,-0.0099195,-0.023629833,-0.0140195,-0.0030721667,0.0041378333,-0.023166333,0.0142505,0.0098778333,0.0011083333,-0.0013513333,-0.0015503333,0.0087958333,-0.020152,0.0056053333,-0.0057516667,0.003655,0.0013768333
Saka*(Tian*Shan)*(750–50*BC),0.093660071,-0.029885571,0.030492929,0.052441357,-0.038842429,0.014203429,0.00097357143,0.00041207143,-0.024206929,-0.030082,-0.0083281429,-0.00024607143,0.0020812143,-0.020171571,0.018012,0.010900714,-0.00072628571,-0.00039821429,0.0011311429,0.00072357143,-0.015374571,0.00066257143,0.0013821429,0.0017126429,-0.002335
Sardinian*(Imperial*Roman*Period)*(AD*130–380),0.1083596,0.1665468,0.0173476,-0.0493544,0.0481936,-0.0270522,-0.006157,0.003877,0.0320284,0.0565298,0.0054888,0.0085724,-0.019861,-0.0093584,-0.0091748,-0.0032354,0.0071452,0.0011654,0.0000756,-0.0061776,0.0015226,0.0018054,-0.004856,-0.0110858,0.0017482
Sardinian*(Late*Antiquity)*(AD*400–600),0.121791,0.159438,0.035826,-0.056525,0.073244,-0.022869,-0.00564,0.001154,0.047245,0.085469,-0.002598,0.014087,-0.02438,-0.01679,-0.015608,-0.002254,0.018515,-0.006081,0.004651,-0.011506,-0.004492,-0.011623,-0.013557,-0.023738,0.004071
Sardinian*(Nuragic*Culture)*(1600–800*BC),0.1296447,0.1750773,0.0433689,-0.0547162,0.080292,-0.0302594,-0.005593,-0.0007614,0.058371,0.0987174,-0.001364,0.015871,-0.0343704,-0.0101703,-0.0167342,-0.0051974,0.0117216,0.0054729,0.0044624,-0.0106051,0.0010732,0.0033756,-0.0132492,-0.0293295,0.0005029
Sargat*Culture*(400–200*BC),0.0925381,-0.0654,0.0660715,0.0609501,-0.0481933,-0.0001674,0.0021151,0.003323,-0.0142964,-0.0306884,0.0148585,-0.0030572,0.0080128,-0.0338689,0.0042209,0.0028241,-0.0092441,0.0015204,-0.0030169,-0.0038143,-0.0088468,0.0054284,0.0026129,0.003145,-0.0005388
Sarmatian*(Iazyges)*(AD*400–500),0.12444667,0.10121433,0.034695,0.0323,0.0053343333,0.007902,0.0051703333,0.001923,-0.010157667,-0.00091133333,0.00092,0.0013486667,-0.000545,-0.0075693333,0.00072366667,-0.0089276667,-0.004998,-0.00042233333,0.0058656667,-0.002668,-0.0091923333,-0.005317,0.0038206667,-0.0017273333,-0.0068253333
Sarmatian*(Roxolani)*(50*BC–AD*50),0.120652,0.061947,0.02753,0.053618,-0.019696,0.023148,0.00047,0.002538,-0.02127,-0.028611,0.005521,0.004796,0.003122,-0.015414,0.020901,-0.010342,-0.021905,0.000887,-0.000628,-0.003001,-0.005241,0.003215,-0.001725,-0.003253,0.005508
Sarmatian*(Urals)*(500*BC–AD*320),0.11221067,0.048576167,0.035292167,0.0670225,-0.02331175,0.02486775,0.00099883333,-0.0006345,-0.029229917,-0.0354145,-0.00550775,-0.0011365833,-0.000049416667,-0.0204025,0.0208445,0.015015667,-0.00542175,-0.0011295,-0.0036138333,0.0015526667,-0.011167667,0.00053575,0.0015305,0.00502075,0.00068841667
Sarmatian*(Western*Steppe)*(AD*1–100),0.1096495,0.048914667,0.034003667,0.065838167,-0.028056167,0.026727167,0.00039166667,0.0002305,-0.030542,-0.0365685,-0.0042491667,-0.003372,-0.0026265,-0.024955667,0.019544,0.013237,-0.0021076667,-0.0019213333,-0.0039803333,0.00033333333,-0.011063833,0.0041835,0.00065733333,0.00729,0.0037721667
Saxon*(Cambridgeshire)*(AD*400–700),0.13208229,0.13337283,0.068101708,0.060683625,0.042930958,0.02293875,0.0058065,0.0073170417,0.00023858333,-0.004700125,-0.0058799583,0.0050080417,-0.010883208,-0.010717333,0.024610625,0.0078835833,-0.010137375,0.0023594583,0.005389375,0.0063051667,0.007689625,0.0040187083,0.000210625,0.016438,-0.0015866667
Saxon*(Friesland)*(AD*431–639),0.1354495,0.1350655,0.071653,0.0583015,0.0395455,0.022311,0.0017625,0.009923,0.0084875,-0.0037355,-0.008038,0.002698,-0.0055005,-0.005092,0.0225295,0.0048395,-0.0143425,0.0032305,0.0060335,0.001626,0.006426,0.007048,-0.0012325,0.013797,-0.0002995
Saxon*(Kent)*(AD*400–800),0.12191949,0.13002609,0.067177321,0.059133377,0.042527415,0.021711321,0.0028599434,0.0079590189,0.0035000755,-0.0035381509,-0.0067590377,0.0044027358,-0.010759642,-0.011510962,0.023815151,0.0085583019,-0.0069226604,0.00046369811,0.0053884151,0.0055923019,0.0083932264,0.0037072642,0.00060922642,0.016444604,0.00005654717
Saxon*(Lower*Saxony)*(AD*400–800),0.11834824,0.13120139,0.062657244,0.052058146,0.041163317,0.02038622,0.0020634634,0.0077276829,0.0037113171,-0.0019601951,-0.0051014146,0.0042328293,-0.0093982927,-0.009845,0.021569537,0.0077160488,-0.007390561,0.00016063415,0.0051598537,0.0037640244,0.0074137805,0.0063908537,0.00092292683,0.015758805,-0.00061039024
Saxon*(Suffolk)*(AD*400–600),0.13355225,0.13337292,0.0699875,0.061316167,0.0444955,0.021056417,0.0029766667,0.0094033333,0.0037155833,-0.0030220833,-0.005643,0.0043960833,-0.0091798333,-0.007615,0.023604167,0.0041434167,-0.012397333,0.0043179167,0.00294325,0.0061174167,0.0071850833,0.0061001667,-0.0000925,0.015604583,-0.00110775
Scythian*(Pazyryk*Culture)*(360–130*BC),0.086505571,-0.109387,0.056029286,0.049834286,-0.048448429,0.0066932857,0.0029207143,0.002901,-0.015368571,-0.026241857,-0.0091865714,-0.00182,-0.00012742857,-0.027563857,0.013281143,0.005114,-0.0076741429,-0.0018821429,0.0022087143,0.004788,-0.026578143,0.0027557143,0.00063385714,0.0015318571,-0.0039515714
Scythian*(Western*Steppe)*(750–110*BC),0.113823,0.0755554,0.0315272,0.0437342,-0.0022772,0.011602,0.0039482,0.0047538,-0.0161576,-0.0165836,-0.0044172,-0.0055148,-0.0063922,-0.006551,0.0085504,0.004667,-0.0025816,0.004561,-0.0023632,0.0026262,-0.0095582,-0.0067516,0.0020952,-0.0038076,-0.0002394
Shimao*Culture*(Shaanxi)*(2250–1950*BC),0.018212,-0.4503875,0.0220615,-0.0637925,0.026928,0.007251,0.0074025,0.0011535,-0.005931,0.0126655,-0.0942665,-0.0117645,0.0081765,-0.0089455,-0.009704,-0.0033815,-0.0014995,0.003294,-0.0052165,-0.0001875,0.0096705,0.0094595,0.0064705,0.003434,0.01892
Sicani*(900–400*BC),0.12604411,0.17012784,0.016097105,-0.0561,0.046794,-0.025613842,-0.0035002632,-0.0015303158,0.026383632,0.063869,0.0031536842,0.011847316,-0.023918789,-0.0038171579,-0.021965263,-0.0095115263,0.0080357895,0.0020336842,0.0059475789,-0.010788,-0.0063703158,0.0032409474,-0.0034249474,-0.0071788947,-0.00046005263
Sinitic*(Eastern*Han*Period)*(AD*70–130),0.0278865,-0.4514025,0.006411,-0.0650845,0.048932,0.0237055,0.00658,-0.0016155,-0.007874,0.0079275,-0.077865,-0.0072685,0.015981,-0.0078445,-0.0099755,-0.0021875,0.0062585,0.0022805,0.0005655,-0.011068,0.006426,0.0111905,0.00721,0.000482,0.0078435
Sinitic*(Eastern*Zhou*Period)*(365–207*BC),0.023903,-0.442771,0.010182,-0.060078,0.05878,0.030678,0.003995,-0.003,-0.018407,0.002734,-0.082169,-0.008842,0.015758,-0.015276,-0.007465,-0.000398,0.008996,0.005194,-0.001508,-0.017258,0.02246,0.007048,0.008997,-0.00723,0
Sinitic*(Shang*Period)*(1230–1120*BC),0.0182115,-0.448864,0.0109365,-0.06137,0.046932,0.020638,0.00517,0.005192,-0.0130895,0.0051025,-0.079814,-0.0059945,0.0098115,-0.010253,-0.0085505,-0.0033145,-0.000717,0.000633,-0.0006285,-0.006378,0.0172195,0.011067,0.0128175,-0.001446,0.0049695
Sinitic*(Warring*States*Period)*(BC*390–230),0.0187805,-0.4493715,0.0096165,-0.062662,0.0507785,0.0214745,0.0069325,0.002769,-0.010635,0.00492,-0.0816,-0.010641,0.010332,-0.003647,-0.002579,-0.0009945,-0.0009125,0.001457,-0.007102,-0.0116305,0.00992,0.0101395,0.0123865,-0.005844,0.004012
Sinitic*(Xiongnu*Mass*Grave)*(160–130*BC),0.01935,-0.43617,0.0081085,-0.0647615,0.0523175,0.019104,0.003995,0.002077,-0.0071585,0.0043735,-0.070233,-0.005545,0.0092915,-0.006606,-0.0021035,0.0000665,-0.0000655,0.002597,-0.006159,-0.0061905,0.0136635,0.008903,0.0122015,-0.005844,-0.001676
Sintashta*Culture*(2050–1650*BC),0.12588827,0.11661657,0.0574481,0.078639733,0.011335333,0.0290976,0.0058203,0.0043614333,-0.0174254,-0.028270833,-0.0023059,0.0012189,-0.0021903333,-0.0212305,0.0228779,0.012450067,-0.0050112,0.00033773333,-0.0003519,-0.0003377,-0.0058894667,0.0018217667,0.0026743667,0.0069286,-0.0036603
Slab*Grave*Culture*(1100–400*BC),0.030244429,-0.42412857,0.083343643,-0.025217071,-0.075640214,-0.0466345,0.013110286,0.022251786,0.011833143,0.015659286,-0.030378286,0.00038528571,-0.00081757143,-0.0034309286,-0.0016675,-0.0022729286,-0.00038185714,-0.0027691429,0.0014724286,0.016918857,-0.024278643,-0.00020307143,-0.0196845,-0.0036752143,0.0030279286
Sogdian*(Eastern*Steppe)*(AD*660–840),0.0916275,0.0726105,-0.0307355,0.014212,-0.0450855,0.0089245,0.003995,-0.0028845,-0.032315,-0.0253305,-0.000325,-0.001124,0.0014865,-0.0099775,0.015133,0.0074915,-0.0147985,-0.004181,0.003394,-0.0065655,-0.007362,-0.006739,-0.0019105,-0.0022895,0.0026945
South*Amerindian*(Haush)*(AD*1280–1820),0.053686667,-0.321246,0.12400983,0.097492333,-0.12043267,-0.0218,-0.29274467,-0.34660083,-0.015066667,-0.0164925,0.0014073333,0.0016983333,-0.00096633333,0.022593,-0.00056566667,0.0062758333,0.009366,-0.0038218333,0.0015503333,0.0031056667,-0.0048246667,0.0015456667,-0.0007395,-0.00010016667,0.00039933333
South*Amerindian*(Inca)*(AD*1400–1500),0.054635,-0.317861,0.123696,0.099161,-0.115098,-0.013666,-0.307864,-0.374061,-0.016975,-0.012757,0.001137,-0.000599,-0.000595,0.022708,-0.005972,0.006895,0.000782,-0.004054,0.00993,-0.001876,-0.004742,0.010263,0.001479,0.00494,-0.00455
South*Amerindian*(Kaweskar)*(AD*675–1150),0.0569115,-0.3163375,0.1125705,0.0944775,-0.10325,-0.0163155,-0.2873005,-0.3513315,-0.0158505,-0.0195905,-0.0006495,-0.0019485,0.001784,0.026492,-0.0071255,0.0046405,0.002673,-0.0013935,-0.000754,0.0043145,-0.0018095,0.0019785,-0.006655,-0.0001205,-0.002874
South*Amerindian*(Selknam)*(AD*1040–1960),0.057367,-0.318267,0.1161532,0.0968354,-0.119099,-0.0208054,-0.289815,-0.34877,-0.016689,-0.0138136,-0.0046442,0.0011092,-0.0012486,0.0216894,-0.0061074,0.0046938,0.0076666,0.0006334,-0.0049524,0.0007004,-0.001073,0.000816,-0.003525,0.0001206,-0.0011256
South*Amerindian*(Yamana)*(AD*1055–1225),0.050082,-0.310752,0.119547,0.094316,-0.115098,-0.020359,-0.288828,-0.346832,-0.012885,-0.022415,-0.002598,0.002398,0.008771,0.016377,-0.010722,0.00053,0.005346,-0.007348,-0.004274,-0.0005,-0.001622,0.001731,-0.000739,0.007832,0.002155
South*Iberian*(Visigothic*Period)*(AD*400–600),0.077236857,0.14696157,0.019772,-0.030362,0.034863571,-0.010318857,-0.0069494286,0.0024725714,0.032811571,0.035041429,-0.0031085714,0.0052668571,-0.0054154286,-0.011186857,0.0044012857,-0.0041292857,0.0036135714,0.000036142857,-0.01169,-0.00030342857,-0.0015507143,-0.0096978571,0.0055637143,-0.0081077143,-0.00029085714
South*Illyrian*(700–250*BC),0.123742,0.15276471,0.028122429,-0.013612143,0.02928,-0.006773,0.0014435714,-0.00092314286,0.000146,0.025461,0.0041527143,0.0064444286,-0.018837429,-0.0077855714,-0.009636,-0.0025381429,0.01166,0.000181,0.004112,-0.007861,-0.0059537143,0.0028617143,-0.0023418571,0.0060937143,-0.0066034286
Southern*Levant*(Early*Bronze*Age)*(2500–2000*BC),0.075502667,0.14826733,-0.061973667,-0.11520433,-0.0080013333,-0.048898667,-0.0097136667,-0.014307,0.036337,0.0075323333,0.017592,-0.021880333,0.042318667,0.00055033333,-0.0031666667,0.020551333,0.0021733333,0.0010136667,-0.0017596667,0.016049333,0.0066136667,0.013849,-0.0051353333,0.003374,-0.0066263333
Southwest*European*Crusader*(Sidon)*(AD*1191–1283),0.124067,0.153345,0.048649,0.003876,0.046778,0.005578,-0.016686,0.010846,0.029042,0.033167,-0.001949,0.008842,-0.013231,-0.025047,0.011129,0.008353,0.004563,0.011149,0.012444,0.01113,0.014849,-0.009274,0.001849,-0.005904,-0.001557
Srubnaya*Culture*(1850–1200*BC),0.12499836,0.114847,0.056191,0.080544455,0.00733,0.032427455,0.0046786364,0.0044474545,-0.019057818,-0.031394273,-0.00038381818,0.0015804545,-0.001946,-0.015701455,0.023516636,0.0083412727,-0.013085727,0.00056436364,0.00089127273,0.0010800909,-0.0025638182,0.0048786364,-0.0018038182,0.0073065455,-0.00055509091
Tagar*Culture*(900–800*BC),0.10614,0.006981625,0.060527875,0.07081775,-0.023004125,0.01875525,-0.000029375,-0.0032595,-0.019097375,-0.03355425,-0.001623875,-0.001123875,-0.0009105,-0.021881875,0.0200865,0.006364375,-0.010919625,0.00053825,-0.00017275,0.002063375,-0.01781225,0.003462375,0.000847375,0.007305125,-0.0029935
Tai-Kadai*(Southern*Dynasties*Period)*(AD*380–640),0.014417333,-0.42652233,-0.042111667,-0.065892,0.131717,0.066933667,-0.0050916667,-0.003923,-0.017657333,-0.014518333,0.017267,0.000949,-0.0020316667,-0.002982,0.0052933333,-0.000221,0.002999,-0.0028293333,-0.00087966667,-0.011005333,0.010481667,0.007708,0.015077333,0.00012066667,0.001078
Tanshishan*Culture*(2700–2300*BC),0.0098646667,-0.42753767,-0.041483333,-0.059216667,0.12515167,0.052524333,-0.00282,-0.014922333,-0.022906667,-0.019681333,0.024466333,0.002148,0.0012386667,-0.0030273333,0.0061073333,0.004685,-0.001695,0.0014783333,0.002095,-0.012839333,0.014391,-0.015456333,0.008381,-0.010604,-0.027981333
Tarim*Basin*(Bronze*Age)*(2100–1700*BC),0.10386367,-0.10231442,0.0726585,0.2017145,-0.11258508,0.04699325,-0.047334917,-0.058651333,-0.040563833,-0.095765083,0.028106667,-0.013438083,0.023946917,-0.0685705,0.023898,0.0225845,-0.018221167,-0.00020058333,-0.00056566667,-0.0059924167,-0.050619,0.0092224167,0.023807417,0.016086417,-0.0071948333
Tartessian*(Early*Iron*Age)*(700–500*BC),0.120652,0.144205,0.056568,-0.006783,0.061858,-0.004183,0.00235,0.009,0.040905,0.049204,0.005034,0.009442,-0.027354,-0.023671,0.0038,0.009149,0.009779,-0.002914,0.00352,0.003627,0.013227,-0.006925,-0.00419,-0.020364,-0.005269
Thailand*(Iron*Age)*(AD*135–380),0.00645,-0.392333,-0.039597333,-0.032515333,0.10022367,0.043972,0.0019583333,-0.0018463333,-0.0047723333,-0.0072286667,0.019378333,0.002148,-0.00332,0.0027066667,0.0042976667,0.00039766667,0.00091266667,-0.0038006667,-0.0023046667,0.016758,-0.006239,0.02539,-0.001479,0.0085553333,0.036404
Thracian*(1100–200*BC),0.11989356,0.16214622,0.0083385556,-0.053402667,0.030843333,-0.021970444,0.00015655556,-0.0023588889,0.010953222,0.042683667,0.0048715556,0.0078928889,-0.016831667,0.0014372222,-0.022242889,-0.013583111,0.0072726667,0.0039835556,0.008785,-0.011227667,-0.0096218889,0.0031048889,-0.0017255556,0.0012986667,-0.0062136667
Tocharian*(Tarim*Basin)*(541–54*BC),0.08735925,-0.08733525,0.02102475,0.07065625,-0.0483935,0.02440275,-0.0005875,-0.00703825,-0.02556525,-0.0420965,-0.0148585,-0.0043835,0.00524025,-0.029107,0.01805075,0.011469,-0.01013725,0.000602,-0.00370825,-0.00300125,-0.01915375,0.003524,0.00545375,0.00150625,0.00206575
Tokarev*Culture*(East*Siberia)*(1000–900*BC),0.0466675,-0.347311,0.1031425,0.0272935,-0.090786,-0.0363955,-0.0393645,-0.042229,0.001227,-0.0060135,0.0215975,-0.0041965,0.002007,-0.017753,-0.023005,-0.0112705,-0.0048895,0.013619,0.0359495,0.0168205,0.0291365,-0.052676,0.0099215,0.0231355,0.0231715
Transalpine*Gaul*(400–200*BC),0.1277096,0.1472514,0.0605654,0.0129846,0.0473934,0.0003904,0.001222,0.0040616,0.0185708,0.0351716,-0.0012342,0.0131882,-0.0203666,-0.0135144,0.0089574,0.0008752,-0.0022688,0.0032938,0.0010058,0.0012506,0.0027202,0.0036108,-0.0032538,0.0005062,-0.001844
Ulaanzuukh*Culture*(1560–1200*BC),0.025248,-0.435016,0.072167091,-0.031389727,-0.061829727,-0.042518273,0.010319091,0.017957273,0.011639182,0.015987091,-0.044848727,-0.0019891818,0.0016487273,-0.00083809091,-0.00090072727,-0.00051827273,-0.0010073636,-0.0014164545,0.00084563636,0.019827727,-0.025954273,0.0031475455,-0.019181818,-0.0063644545,0.0047138182
Umayyad*Arab*(Tell*Qarassa)*(AD*660–770),0.0682935,0.155376,-0.0550595,-0.127909,-0.0004615,-0.056615,-0.0186835,-0.0125765,0.0651405,0.0072895,0.0185935,-0.028924,0.069053,0.004473,0.01079,0.0230045,-0.035269,-0.003864,0.00088,0.0345165,0.0207135,0.0072335,-0.0070865,0.0030125,-0.01443
Unetice*Culture*(2300–1600*BC),0.12634363,0.126095,0.057935208,0.061666083,0.027761458,0.023589417,0.003838375,0.0030287083,-0.0047893333,-0.012095917,-0.0014004583,0.0043649583,-0.0077055417,-0.011244792,0.017434417,0.008099,-0.00314,0.0016365,0.00034566667,0.0042415417,0.0045544583,0.0029831667,-0.0013094583,0.00322325,-0.0015817083
Upper*Mesopotamian*(Iron*Age)*(1000–100*BC),0.092197,0.13669,-0.064035,-0.0731918,-0.0244968,-0.0190202,-0.000188,-0.010015,-0.014971,-0.0025148,0.005911,-0.0004794,0.0032706,0.003358,-0.0058904,0.0068946,0.0116824,-0.0013428,0.007416,-0.0012756,0.0019216,-0.0009148,-0.0042644,-0.0048198,0.0039276
Upper*Mesopotamian*(Middle*Assyrian*Period)*(1500–1200*BC),0.088782,0.138112,-0.069013,-0.083011,-0.022466,-0.025379,0,0,-0.014317,0.000911,0.002436,-0.002098,0.011893,0.006606,-0.005022,-0.003182,-0.019818,0.006968,-0.001508,-0.001251,0.001996,0.013973,-0.005176,-0.012893,0.00012
Upper*Xiajiadian*Culture*(1050–350*BC),0.024472,-0.4478485,0.027718,-0.056202,0.020311,-0.001534,0.0008225,0.007038,-0.0031705,0.0060135,-0.065524,-0.0019485,0.0106295,-0.002959,-0.008686,-0.002254,0.005085,-0.0013935,-0.0027025,-0.002939,0.004554,0.0011745,0.003636,-0.002711,-0.003952
Urartian*(850–750*BC),0.100449,0.1373505,-0.05713375,-0.06742625,-0.0254665,-0.01401425,-0.00111625,-0.0059995,-0.0224465,-0.00350825,0.00276075,0.00209825,0.00126375,0.0007225,-0.006718,-0.0017235,-0.0010105,0.002439,0.00241975,-0.00272,0.00380575,0.004575,-0.000863,-0.001687,-0.001796
Vietnam*(Bronze*Age)*(100*BC–AD*100),0.005691,-0.429569,-0.034695,-0.04845,0.124946,0.062472,-0.0094,-0.018922,-0.023316,-0.007107,0.01835,-0.004046,-0.003717,-0.007707,-0.002443,0.004906,-0.008084,-0.007981,0.005405,-0.006628,0.010981,0.006183,0.011955,0.002892,0.015807
Visigoth*(Iberia)*(AD*500–600),0.1257745,0.13506525,0.04685725,0.0250325,0.034468,0.0096915,0.00769625,0.00386525,0.00383475,0.005877,-0.005846,0.0059945,-0.01029475,-0.00478225,0.00349475,0.004541,0.00684525,0.00395925,0.001697,0.0081915,0.006239,0.0005875,-0.001818,0.005784,-0.00371225
Volga*Finn*(Iron*Age)*(AD*160–420),0.11431086,0.025678429,0.092394429,0.088317429,0.00057142857,0.014542286,0.012690714,0.015625714,-0.0058142857,-0.042252857,0.013339143,-0.010447857,0.022447714,-0.0024575714,-0.013203571,-0.0023298571,0.0016948571,-0.0017192857,-0.0033938571,0.0024655714,0.0039751429,-0.0014308571,0.0022007143,-0.0062658571,0.0013172857
Wartberg*Culture*(3500–2800*BC),0.12058922,0.16420544,0.082097056,0.010282167,0.10354067,-0.0095674444,0.00041122222,0.0056920833,0.072861528,0.072337611,-0.0046461667,0.0096080833,-0.018343111,-0.011510694,0.0042563611,0.017483361,0.011057333,0.0021678056,-0.0028700833,0.010390417,0.028782556,0.0039775,-0.019586083,-0.057099861,0.0057679167
West*African*Hunter-Gatherer*(6000–1000*BC),-0.60753075,0.0553465,0.01536775,0.0260015,-0.002385,0.00251,0.1367175,-0.10528375,0.00879475,-0.001777,0.000812,-0.03061025,-0.023674,-0.000757,0.0041735,-0.00195575,0.008475,0.01871825,-0.00593925,-0.00268875,-0.0018405,-0.0009275,-0.00292725,-0.0018375,-0.00452025
West*European*Crusader*(Sidon)*(AD*1191–1283),0.1257745,0.135065,0.059585,0.034238,0.03693,0.009761,0.0017625,0.008538,0.0056245,0.002187,-0.0044655,0.007868,-0.00721,-0.005849,0.0115365,-0.004972,-0.0069105,-0.005701,-0.0050275,0.0030635,0.008547,0.0097685,-0.0000615,-0.001446,0.007125
Western*Pomerania*(Iron*Age)*(AD*200–400),0.11742733,0.131511,0.067378833,0.062931167,0.040879333,0.025053667,-0.0027418333,0.0076535,0.004704,-0.0075931667,-0.0049528333,0.003372,-0.0057728333,-0.0084408333,0.023819,0.010187333,-0.0091921667,-0.00078133333,0.0024721667,0.0087123333,0.0086306667,0.0047605,-0.00012333333,0.012110167,-0.00097783333
Wusun*(400–80*BC),0.09788775,0.01447125,0.01659325,0.052649,-0.045547,0.02077725,0.00223275,-0.00501925,-0.02878675,-0.032848,-0.00271975,-0.001761,0.0064295,-0.01778775,0.01608275,0.0131925,-0.00433525,-0.001267,0.0018855,0.0001875,-0.013757,0.0026275,0.0049915,0.0008435,-0.003323
Xianbei*(AD*408–537),0.037562,-0.38387,0.075801,-0.023902,-0.058472,-0.039324,0.013631,0.00923,0.000205,0.013668,-0.046281,0.002248,-0.003568,-0.001239,0.00665,0.010077,0.001565,0.003801,0.006034,0.023011,-0.023084,-0.018795,-0.026252,-0.005784,0.002515
Xionite*(AD*260–570),0.086745158,-0.068414632,0.036541053,0.046631,-0.041934842,0.0064877895,0.0036486842,0.0037044211,-0.017104737,-0.024362053,-0.0089227895,-0.0019167895,0.00085289474,-0.021693579,0.014514947,0.010153579,-0.0018664737,0.0014669474,-0.00023810526,0.0021128421,-0.014362947,0.0018483684,-0.0012649474,0.0033422632,-0.00077515789
Yamnaya*Culture*(3300–2600*BC),0.12165676,0.089426412,0.043990059,0.113887,-0.027878471,0.043556235,0.0046447059,-0.0035835294,-0.054403294,-0.073333882,0.00053488235,0.0012342353,-0.0025709412,-0.023565824,0.034089941,0.014249471,0.00058294118,-0.0027275294,-0.0019816471,0.010585882,-0.0038975882,0.00010194118,0.0098018235,0.019790118,-0.0038389412
Yangshao*Culture*(Yellow*River)*(3550–3050*BC),0.0168458,-0.4445988,0.0144814,-0.060078,0.041423,0.011044,0.0072382,0.0004618,-0.0006138,0.006342,-0.0915546,-0.0117496,0.0126956,-0.0065508,-0.0106676,0.0002386,0.0046938,-0.0035724,-0.0047012,-0.002051,0.0140752,0.0156792,0.011043,-0.0033258,0.0120228
Yaz*Culture*(910–800*BC),0.102441,0.094444,-0.016216,0.044251,-0.032314,0.026774,0.00047,-0.004615,-0.043768,-0.041732,-0.011854,-0.002847,0.001933,-0.021056,0.022394,0.015778,-0.010822,-0.002534,-0.001131,-0.00988,0.001996,-0.000989,0.000246,0.010363,0.000958
Zagros*(Bronze*Age)*(2200–1320*BC),0.0904895,0.1304955,-0.0618475,-0.057171,-0.030621,-0.009482,-0.00564,-0.007846,-0.0267925,-0.0151255,0.007064,-0.0012735,0.002676,-0.0049545,0.001968,0.0143195,0.0046285,0.0022805,0.007479,-0.001188,0.003307,-0.003215,-0.0014175,-0.0004215,0.002335
Zongri*Culture*(Tibetan*Plateau)*(2800–2000*BC),0.018970533,-0.4202938,0.0156128,-0.040288867,0.010094067,-0.0086828,0.0053267333,0.0038305333,0.0079900667,0.016316067,-0.082146933,-0.010740533,0.012715467,-0.0061012,-0.0096904,-0.0026078,0.0044244,-0.0012246,-0.0067039333,0.0077703333,-0.000083266667,0.023741333,0.0021855333,-0.0072699333,0.031023
Amur*River*(1000–800*BC),0.021626,-0.455973,0.06939,-0.045866,-0.032621,-0.029005,0.00987,0.012692,0.008795,0.011845,-0.054887,-0.006894,0.001189,0.006193,-0.003122,-0.003315,0.000522,0.007095,0.014832,0.012131,-0.000624,-0.019166,-0.014666,0.003253,-0.010298
Amur*River*(AD*620–670),0.025041,-0.451911,0.081081,-0.056525,-0.063704,-0.042112,0.017156,0.020307,0.011249,0.024966,-0.043195,-0.003147,-0.002973,0.011423,0.003257,0.001061,0.002086,0.003421,0.01345,0.023386,-0.012478,-0.029429,-0.02847,0.009278,-0.016885
Anatolian*(780–30*BC),0.10932887,0.1520193,-0.0366793,-0.070157667,-0.00047036667,-0.0244471,0.0030522667,-0.0055187667,-0.0108891,0.0236471,0.0044329,0.0057468667,-0.0088891667,0.0013291,-0.0167301,-0.0044059667,0.0086601333,-0.0011382667,0.0062395667,-0.0057533667,-0.0042682333,0.0029673,0.00067696667,0.0010419,0.0012159667
Arabian*Peninsula_Arabian*(Middle*Ages),0.068293667,0.14792867,-0.054808,-0.116927,-0.0040003333,-0.051037,-0.015119333,-0.011845667,0.059993667,0.0060136667,0.016672,-0.027325667,0.062636,0.002248,0.0059716667,0.022275,-0.028032333,0.00080233333,0.001173,0.029472667,0.018093333,0.014756333,-0.007847,0.0067076667,-0.0097796667
Arabian*Peninsula_Arabian*(Umayyad*Period),0.0671555,0.1518215,-0.0554365,-0.1225795,-0.003231,-0.055081,-0.0151585,-0.0119995,0.065652,0.007107,0.01835,-0.028999,0.06608,0.0039225,0.008618,0.019159,-0.0372895,-0.0015205,0.0018225,0.034642,0.020589,0.0174355,-0.005793,0.004579,-0.0126935
Armenian*(AD*1030–1300),0.10092333,0.139466,-0.056694,-0.064169333,-0.031082667,-0.016826333,-0.001175,-0.0089993333,-0.022429333,0.0023086667,0.002003,0.0058946667,-0.0071356667,-0.000642,-0.0078716667,0.0022983333,0.0042156667,0.004899,0.002891,-0.000334,-0.0014973333,-0.000536,0.004437,0.003414,-0.0083023333
Australian*(2000*BC–AD*1600),-0.043103132,-0.22747871,-0.20608666,0.223721,0.13739397,-0.32529663,0.00053184211,0.0040808421,-0.0067544474,-0.0030164211,-0.0076366316,-0.00086378947,0.0021241842,-0.0020933947,-0.0061824474,0.0010082368,0.0041105263,0.0018003947,-0.00056563158,0.0029519737,0.00077815789,0.00095342105,-0.0037493947,-0.0020485,-0.0044905
Ayayema*(5100*BP),0.046667,-0.313799,0.114268,0.096254,-0.119099,-0.018965,-0.288123,-0.338986,-0.015748,-0.017495,0.000974,-0.004946,0.002379,0.024359,-0.008143,0.009812,0.006258,0.001647,0.006913,0.005002,-0.002745,0.001978,-0.001849,-0.003735,-0.000359
Balkans*(AD*500–1000),0.11584656,0.14832367,0.0069347778,-0.029141778,0.020584833,-0.011310556,-0.000078333333,-0.00073066667,0.0032496111,0.020309278,0.00065861111,0.00582,-0.012074444,-0.0003975,-0.0095004444,-0.0011563889,0.0062367222,-0.0014147222,0.0038688889,-0.0053566667,-0.0066271111,0.00087933333,-0.001253,0.00049538889,-0.000020055556
Baltic*(AD*260–540),0.1340838,0.1267382,0.0965428,0.0989674,0.0510864,0.0401046,0.0141008,0.0170762,-0.0009,-0.0430078,-0.0057158,-0.0168452,0.030862,0.0370204,-0.0109932,0.0001856,0.0012778,-0.001191,0.0027402,0.0060528,-0.0038182,-0.0046494,0.0086518,-0.0164598,-0.000934
Balto-Slavic*(900–350*BC),0.12849353,0.12351843,0.089684967,0.095865467,0.041261167,0.035754633,0.010801967,0.0130804,-0.0044503333,-0.0435612,-0.0015699667,-0.016296467,0.0200912,0.029061233,-0.0133006,0.0022932667,0.0025568,0.0003404,-0.0027047333,0.0061997333,-0.0023085667,-0.0042659667,0.0060139667,-0.0179207,0.0042997333
Berber*(760–540*BC),-0.044998267,0.13892453,-0.0036708,-0.072976467,0.029400067,-0.0345264,-0.028718467,0.0061383333,0.0722376,0.026460933,0.0072318,-0.0072936,0.0187708,-0.014065067,0.0202674,-0.0137626,0.0043198,-0.021393667,-0.046407667,0.0082206667,-0.0115214,-0.036766067,0.022299733,-0.0046512,0.0065301333
Canaanite*(1800–1100*BC),0.085049575,0.14807263,-0.06302945,-0.10121943,-0.011732475,-0.0392395,-0.0053317,-0.00934635,0.0134383,0.008835225,0.010135025,-0.010223625,0.0220265,0.002787,-0.00792405,0.008694875,-0.002823725,0.002782525,0.0029577,0.006491875,0.0050175,0.00594285,-0.003325075,-0.0005417,-0.00158605
Canaanite*(Baqah),0.0878146,0.1485719,-0.0613198,-0.1046686,-0.0111404,-0.038222,-0.0059575,-0.008215,0.0145723,0.0087018,0.0110425,-0.0114123,0.0239046,0.0015208,-0.0082111,0.0121054,-0.0002609,0.003712,0.003708,0.0065595,0.0049349,0.0068132,-0.0056694,0.000506,-0.0026824
Canaanite*(Hazor),0.084988,0.151314,-0.064865,-0.1020683,-0.0106687,-0.0403463,-0.0060317,-0.0128457,0.0145893,0.0075323,0.0086607,-0.0108403,0.0207133,0.0021103,-0.0085957,0.0107397,-0.008388,0.0043917,0.002933,0.0077953,0.0061143,0.005317,-0.001438,-0.0017273,-0.0017163
Canaanite*(Megiddo),0.0861261,0.1455592,-0.0646134,-0.1002072,-0.014596,-0.0394563,-0.0045434,-0.0097249,0.0131382,0.0089382,0.0103465,-0.0088707,0.0219027,0.0020119,-0.007316,0.005411,-0.0024898,0.004217,0.0036812,0.0073607,0.0047534,0.0040982,-0.0049357,-0.0025361,-0.0014427
Canaanite*(Sidon),0.0812696,0.1468454,-0.0613196,-0.0979336,-0.0105248,-0.0389334,-0.0047942,-0.0065998,0.0114534,0.0101686,0.0104904,-0.0097712,0.0215854,0.005505,-0.0075734,0.0065234,-0.0001562,-0.0011906,0.0015086,0.004252,0.0042674,0.007543,-0.0012572,0.0015906,-0.0005028
Carthage*(760–250*BC),0.0662449,0.1533449,0.0081457,-0.0547162,0.0378838,-0.024598,-0.0111865,-0.0017538,0.0419887,0.0399827,0.0048879,0.0006296,-0.003315,-0.0111062,-0.0012486,-0.0076635,0.00442,-0.0053209,-0.0148451,-0.0002375,-0.0057399,-0.0093853,0.0039564,-0.0042054,0.0000359
Central*Italian*(March*of*Tuscany),0.11647917,0.15249833,0.0011943333,-0.030415833,0.020773167,-0.015431833,0.000431,-0.0022691667,0.005113,0.0238425,0.0012451667,0.0087671667,-0.012239833,0.000045833333,-0.0051575,-0.0040881667,-0.0021731667,0.0019848333,0.0023045,0.00123,-0.0035563333,-0.001896,0.0009655,0.002892,0.003832
Central*Italian*(Papal*States),0.10992057,0.14971786,0.0040944286,-0.029623714,0.026334571,-0.013466429,-0.00043642857,-0.0016154286,0.010401429,0.024029,0.0022967143,0.0066155714,-0.012954714,-0.00039314286,-0.003548,-0.0050384286,-0.0025144286,-0.000054428571,0.003286,-0.0053061429,0.0018894286,0.004999,-0.0029228571,0.00018942857,0.0020528571
Colchian*(780–30*BC),0.106994,0.131003,-0.065242,-0.029716,-0.047393,-0.000558,0.004465,-0.005307,-0.06463,-0.027335,-0.001624,0.012739,-0.026908,0.00812,0.003257,-0.032617,0.005867,-0.013682,-0.005154,0.016133,0.013601,0.004081,0.004314,-0.016147,-0.007784
Continental*Celt*(800–50*BC),0.12707718,0.1447852,0.05590344,0.02780528,0.04465914,0.00886432,0.00237036,0.00335516,0.01154184,0.01637086,-0.0039266,0.00412002,-0.01326486,-0.008449,0.00901362,0.00087632,-0.00591626,0.00153542,0.0029096,-0.00077262,0.00386932,0.0025179,-0.00234448,-0.00216516,0.00271902
Crimea*(AD*260–400),0.104717,0.125926,-0.010559,-0.034884,-0.008617,-0.017012,-0.002585,-0.004615,-0.023111,-0.000729,0.005196,-0.003747,-0.006541,0.002615,-0.002036,-0.005834,0.001043,-0.011402,-0.005782,0.004877,0.006239,0.011994,0.005916,0.008073,-0.004431
Cushitic*(2000*BC–AD*600),-0.29055538,0.095655154,-0.027384731,-0.075594423,0.0022251154,-0.038250885,-0.0090568846,-0.0037099231,0.12245473,-0.083225769,-0.0056960769,-0.0076779615,-0.0010405385,-0.002075,0.023959846,-0.019505885,0.020049038,0.0019587692,0.0057483462,-0.0019913462,0.0018669231,0.0024112692,-0.0041145,-0.0024887692,-0.00090723077
East*Siberian*(1000–900*BC),0.0466675,-0.347311,0.1031425,0.0272935,-0.090786,-0.0363955,-0.0393645,-0.042229,0.001227,-0.0060135,0.0215975,-0.0041965,0.002007,-0.017753,-0.023005,-0.0112705,-0.0048895,0.013619,0.0359495,0.0168205,0.0291365,-0.052676,0.0099215,0.0231355,0.0231715
East*Siberian*(AD*1050–1200),0.042115,-0.377777,0.106348,-0.015181,-0.116945,-0.068886,0.031021,0.039229,0.025975,0.028976,0.034751,0.004196,-0.015758,0.045003,0.028773,0.02148,0.011604,-0.01799,-0.035195,-0.022636,-0.001747,0.037219,0.007025,0.003615,-0.014609
Egyptian*(780–400*BC),0.042873333,0.14979067,-0.049591333,-0.11008983,-0.00046183333,-0.052013,-0.016176333,-0.0039613333,0.046972167,0.0066213333,0.012476833,-0.017209667,0.034291,-0.002959,0.0011761667,-0.0040885,-0.011517167,0.0008235,-0.0043155,0.010004833,0.004991,0.0043075,-0.0025265,0.00484,-0.0033128333
Egyptian*(Late*Period),0.050082,0.146744,-0.042426,-0.1183805,-0.0020005,-0.049782,-0.015628,-0.004731,0.0474495,0.006196,0.0090125,-0.011465,0.029732,-0.005849,-0.0008145,-0.0020555,-0.0074315,-0.0019635,-0.0035195,0.0120055,0.005615,0.0016695,0.0036355,0.003916,-0.0005985
European*Jew*(AD*1160–1400),0.09384715,0.1436466,-0.01431185,-0.0535857,0.01234075,-0.0199546,-0.00141,0.0003461,0.01233285,0.0193443,0.004287,0.0000375,0.00449695,-0.00037845,-0.00349495,-0.0003979,-0.00200785,0.00069045,-0.0017535,-0.00355165,-0.0024768,-0.0022691,0.0005546,0.00144,-0.0010538
France*(AD*130–1400),0.126654,0.14402055,0.050602818,0.020143455,0.041070545,0.0070229091,-0.00034181818,0.0030838182,0.013758818,0.018273364,-0.0055359091,0.0043052727,-0.012987545,-0.010133909,0.0087476364,-0.0021815455,-0.0070524545,0.0018658182,0.0049364545,0.000739,0.00515,0.0035072727,-0.0022071818,0.00059145455,-0.00028309091
Germanic*(AD*100–600),0.12406708,0.12905708,0.073129833,0.064707667,0.043187333,0.021892833,0.0039950833,0.010115083,0.0041414167,-0.011222833,-0.0029906667,0.0019108333,-0.0069126667,-0.002959,0.02224675,0.00375675,-0.013136083,0.002576,0.0048709167,0.0041476667,0.0072165833,0.0023185,-0.001931,0.00925825,0.0012673333
Germanic*(AD*100–630),0.13039576,0.13067832,0.0706572,0.06228732,0.04173072,0.02154148,0.00532992,0.00935968,0.00314144,-0.00802572,-0.00445592,0.00393244,-0.00784924,-0.00504244,0.02174776,0.00686816,-0.006999,0.00189028,0.00418828,0.00462208,0.00830536,0.00334352,0.00039428,0.0130764,0.00008132
Germanic*(AD*700–1000),0.12782822,0.12707352,0.070882304,0.062830522,0.042830652,0.023572348,0.0047000435,0.0086284783,0.0025166087,-0.0074003043,-0.0037913913,0.0029517826,-0.0070905217,-0.0056246522,0.020487826,0.0070445652,-0.0067346522,0.0031562174,0.004935,0.0069272609,0.007731,0.0032149565,0.00029469565,0.013673913,0.0021659565
Greek*(770–400*BC),0.1192863,0.1606569,-0.0082967,-0.0595935,0.0253892,-0.0287259,-0.0058046,-0.0055611,0.0122101,0.041823,0.0023708,0.009022,-0.0162336,-0.0030965,-0.0193944,-0.0012859,0.0217351,-0.0013048,0.0092765,-0.0056904,-0.013439,0.0097311,-0.0048312,0.0078203,-0.0003234
Hmong–Mien*(AD*1400–1500),0.0143418,-0.432006,-0.029038,-0.060724,0.106112,0.0498658,-0.000423,-0.0085842,-0.0134984,-0.0102054,-0.0175056,-0.0027276,0.0063626,-0.0110648,0.0005158,0.0020686,0.0013038,-0.0010136,-0.0078938,-0.0140566,0.0189166,0.0075922,0.017304,0.0026268,0.0108728
Hunnic*(AD*300–450),0.052738333,-0.31346033,0.064613333,-0.0059216667,-0.047085667,-0.020545,0.0068153333,0.0052306667,0.0068856667,-0.004799,-0.030204333,-0.003247,0.0013376667,-0.0052293333,0.0058813333,-0.000088333333,-0.0014776667,0.00097133333,0.0010476667,0.009963,-0.019132667,-0.00082433333,-0.0097773333,0.0035343333,0.00051866667
Iberian*(700–50*BC),0.12431615,0.14766432,0.0592786,0.002523425,0.05824155,-0.000897625,-0.001527525,0.0066559,0.0327558,0.043269675,-0.000974175,0.009521325,-0.022768375,-0.016170525,0.00915685,0.005270525,0.000782475,0.001037325,0.001138975,-0.001305075,0.0096433,0.000038725,-0.00694025,-0.016112775,-0.003558775
Iberian*(AD*300–1200),0.10813207,0.14379893,0.0390696,-0.0036176,0.044480133,-0.0031792667,-0.0025536667,0.0020460667,0.0279788,0.031952133,-0.0039406667,0.0064442,-0.011367467,-0.012156667,0.0075098,0.0008044,-0.0031727333,-0.0014778667,-0.004106,0.0015924,0.0037350667,0.00051933333,-0.0002054,-0.0042494667,-0.00027146667
Illyrian*(750–200*BC),0.12503067,0.1507819,0.032751733,-0.0053474333,0.033713933,-0.0031917667,0.0010270333,0.0011269667,0.0078541667,0.0265458,-0.000082533333,0.0082641667,-0.016566733,-0.0070849667,-0.0050525,-0.0016493333,0.0055423333,0.0025692667,0.0049348667,-0.0047820667,-0.0037236333,0.0024947333,-0.0018037333,0.0017679,-0.0032611
Indian*Subcontinent*(AD*690–990),0.0445428,-0.066550933,-0.14750453,0.11005747,-0.071562,0.060352,-0.00188,0.011553333,0.039254933,0.022415067,-0.0035074667,-0.0003198,0.0003668,0.0033489333,-0.0048677333,-0.0062583333,-0.0000086,0.00076013333,-0.000771,0.0024344667,0.0017218667,-0.00036273333,0.0017994,0.0029158667,-0.0048538
Insular*Celt*(600*BC–AD*100),0.12967247,0.13562335,0.05945992,0.04807718,0.03724607,0.01763346,0.00155312,0.0048471,0.00619667,0.0056535,-0.00558048,0.0069249,-0.01720117,-0.01629936,0.02453104,0.00619771,-0.00777793,0.00118135,0.00170316,0.00375137,0.00587833,0.00393544,-0.00255729,0.00701898,-0.00138777
Insular*Celt*(AD*100–1000),0.12786122,0.13540389,0.061219389,0.051213444,0.037100778,0.019088556,0.0019975,0.0064868333,0.0040223889,0.0026121667,-0.0047725556,0.0073018889,-0.0148825,-0.015429056,0.027008389,0.0029758889,-0.012640056,0.0017455,0.0022904444,0.0062876667,0.0052753889,0.0048773889,-0.0023006667,0.0104365,0.00159
Italian*(AD*650–1450),0.10902629,0.14790446,-0.00067346429,-0.035068571,0.01862975,-0.015119821,-0.00074696429,-0.003379,0.0063182857,0.0228445,0.0011831786,0.0050473571,-0.0086541786,-0.0020496429,-0.0056323571,-0.0033526429,-0.00059132143,-0.00059271429,0.00062392857,-0.0019160357,-0.0010383929,-0.00010160714,-0.0011356786,0.0020054286,0.0012145714
Italian*(Palazzo*della*Cancelleria),0.1064245,0.144713,0.003771,-0.0411825,0.0126175,-0.015339,0.0047,-0.002423,0.006238,0.024055,-0.0032475,0.0041965,-0.0093655,0.000619,-0.0074645,-0.003116,0.0072365,0.005131,-0.0023885,-0.0025635,-0.0058645,-0.0037715,-0.006717,0.0086755,-0.00491
Italic*and*Etruscan*(900–200*BC),0.12782047,0.15321546,0.03898082,-0.01314126,0.04956564,-0.00817061,0.00138765,0.00045874,0.02285156,0.04492773,-0.00134414,0.00971146,-0.02111975,-0.00860828,-0.00224067,-0.00121125,0.00349338,0.00101919,0.00481591,-0.00395461,-0.00014001,0.00463365,-0.00277597,-0.00812388,-0.00107953
Japanese*(AD*540–1850),0.0182116,-0.431803,0.0092774,-0.0467058,0.034468,0.0066376,0.002256,0.0030924,-0.002577,0.0101686,-0.0681384,-0.0078832,0.0112386,-0.0018992,-0.012595,-0.006046,0.0017212,0.006309,0.0014078,-0.0064532,0.0314694,-0.0193144,0.0073948,0.0012772,-0.0433252
Kaweskar*(1000*BP),0.055204,-0.316845,0.113513,0.0948005,-0.1047885,-0.0170125,-0.2870655,-0.3494855,-0.0155435,-0.0207745,-0.000893,-0.0047205,0.0026015,0.0264235,-0.00855,0.004508,0.0024775,-0.000697,-0.0018855,0.002126,-0.003057,0.001669,-0.0056695,-0.0006625,-0.002814
Khorasan*(AD*1000–1570),0.080435,0.030804667,-0.070396,0.051141667,-0.057446667,0.03263,0.0036816667,0.0024616667,-0.019770667,-0.018041333,-0.005034,0.0001,-0.0040136667,-0.009771,0.014838667,0.017413333,0.0024773333,0.000084666667,0.0059496667,-0.0071283333,-0.0049496667,-0.0046163333,0.0061623333,0.000723,0.0010776667
Khorasan*(Ghaznavid*Period),0.079107,0.0360515,-0.0727845,0.0463505,-0.060473,0.0340245,0.0055225,-0.0002305,-0.0157485,-0.017859,-0.004222,-0.002098,-0.0037165,-0.005436,0.01364,0.015513,0.0031945,0.000697,0.004588,-0.008504,-0.0053655,-0.0005565,0.006039,0.0011445,-0.0002995
Khwarazm*and*Transoxiana*(100*BC–AD*950),0.097887875,0.08492375,-0.038325125,0.0159885,-0.042930875,0.013142625,0.004817625,-0.00236525,-0.036737625,-0.026697625,-0.0020095,0.0000375,0.0012265,-0.009323875,0.014148875,0.012364,-0.014065125,0.0005385,0.000738625,-0.011443,-0.003400125,-0.007882875,0.00087825,0.000753,0.002529625
Laranjal*(6800*BP),0.0478055,-0.3168455,0.119736,0.095285,-0.1110975,-0.018686,-0.2920005,-0.34164,-0.010533,-0.014397,0.000406,0.0014985,0.0017095,0.0275245,-0.009704,0.0066955,0.0110825,-0.0039905,0.002325,0.004815,0.007986,0.008656,0.003451,0.0006025,0.006167
Levantine*(AD*300–1300),0.084554286,0.147252,-0.051961857,-0.086125643,-0.010727286,-0.030737786,-0.0057407857,-0.0093952143,0.0052300714,0.0093850714,0.0049529286,-0.0077609286,0.011776,-0.0010715,-0.0078815714,0.0068094286,-0.00087542857,0.00014478571,0.0017058571,-0.0021885,-0.001221,0.0057763571,-0.0059247143,0.0016094286,-0.00017114286
Levantine*(Crusades*Period),0.081573,0.148606,-0.052042667,-0.087102333,-0.012515333,-0.028354,-0.0058753333,-0.012384,0.0028636667,0.011966667,0.0071446667,-0.0082426667,0.010604333,-0.001743,-0.008641,0.0041986667,-0.000478,-0.0027026667,0.0012153333,-0.007712,0.000416,0.005482,-0.006286,0.0078323333,0.0020753333
Liao*River*(1050–350*BC),0.024472,-0.4478485,0.026964,-0.062016,0.017542,-0.002789,0.0001175,0.0104995,-0.0032725,0.007472,-0.0659295,-0.00075,0.010629,-0.001032,-0.009161,-0.000928,0.002738,-0.00152,-0.00088,-0.003001,0.008922,0,0.000924,-0.0028315,-0.0037125
Los*Rieles*(10900*BP),0.044391,-0.304659,0.118416,0.101099,-0.111098,-0.012829,-0.291648,-0.349832,-0.010022,-0.022597,0.005359,-0.003897,-0.004014,0.018854,-0.008822,0.006895,0.008475,0.000507,0.000754,0.008004,0.001248,-0.000989,0.005916,-0.000602,-0.000958
Malaysia*(Historical),0.0073985,-0.422968,-0.0580765,-0.0583015,0.151259,0.045459,-0.004465,-0.010038,-0.0224975,-0.0243285,0.062682,0.002248,-0.010109,0.006262,0.008279,0.0165735,-0.000652,0.004814,0.008987,-0.0036895,0.003244,-0.016013,-0.009182,-0.0115075,-0.043709
Malaysia*(Late*Neolithic),0,-0.395041,-0.084098,-0.034561,0.154183,0.068049,-0.007285,-0.010615,-0.005522,-0.018224,0.090938,0.017834,-0.015163,0.006331,0.006922,-0.001061,-0.001695,-0.006841,-0.003394,0.019259,-0.01697,0.012984,-0.009737,0.00723,0.048379
Mongolic*(AD*900–1300),0.043822063,-0.35683162,0.06505325,-0.023457875,-0.053586812,-0.030765,0.014864563,0.018677125,0.0013420625,0.00957875,-0.032061563,-0.0011239375,-0.00121725,0.0025716875,0.00301975,0.0024860625,0.00066825,-0.000981875,0.0048000625,0.011974375,-0.015145125,-0.0079988125,-0.018494812,-0.0020334375,-0.0008905
North*African*(AD*580–1160),-0.041789429,0.13463029,-0.0029094286,-0.070552429,0.031873857,-0.035578286,-0.029443571,0.0073512857,0.071466286,0.028793429,0.0074235714,-0.0065514286,0.018476286,-0.016141143,0.021947857,-0.013353571,0.0036692857,-0.020143571,-0.045215286,0.0094688571,-0.012638429,-0.037307857,0.022853714,-0.002668,0.00544
North*Amerindian*(4000*BC–AD*1600),0.05036675,-0.3181145,0.111345,0.08341475,-0.10163425,-0.0119925,-0.20586925,-0.2452975,-0.00542,-0.01867925,-0.00121775,0.00003725,-0.000632,0.00481675,-0.0065485,0.0063975,0.0040745,0.0063345,0.00741625,0.0050335,0.00165325,-0.00723375,-0.00049325,0.003946,0.0050295
North*Caucasian*(AD*650–1160),0.10983938,0.096982875,-0.02347575,-0.012233625,-0.028389875,0.002684375,0.005933875,-0.0060575,-0.047321875,-0.02177725,0.000223375,0.009479125,-0.015535,-0.003285625,0.00310475,-0.003812125,0.01124575,-0.005352625,-0.0058135,0.004908625,0.003337875,0.002844,-0.0003695,-0.0016265,-0.001407125
North*Italian*(Longobard*Period),0.117807,0.148267,0.0284725,-0.013566,0.024158,-0.004183,-0.0027025,-0.007961,0.007363,0.0235995,-0.00203,0.005845,-0.0140485,-0.008257,-0.0001355,-0.012463,-0.017667,-0.0015835,0.004211,-0.004002,0.0033065,0.0001855,0.0034505,0.0036145,0.001497
Nubian*(AD*660–960),-0.21272278,0.10854878,-0.028912556,-0.077735333,0.0037613333,-0.033652778,-0.025250444,0.0097943333,0.085559222,-0.047928,-0.00057733333,-0.0056451111,0.0072842222,-0.00073388889,0.013556889,-0.0097674444,0.0047806667,-0.010571444,0.0021645556,-0.000389,-0.0022322222,0.000013777778,0.0023553333,0.00042833333,-0.00055888889
Papuan*(400–200*BC),-0.039838,-0.227479,-0.231552,0.254202,0.176648,-0.406901,0.00188,0.003,-0.025975,-0.010752,-0.00065,0.004646,0.000297,-0.001651,-0.001493,-0.002519,-0.005867,-0.007981,-0.002011,0.003877,0.008235,-0.004946,-0.003081,-0.001084,-0.010897
Pastoral*Neolithic*(Elmenteitan),-0.2905335,0.094782833,-0.027498333,-0.076497167,0.0034876667,-0.038463667,-0.01006625,-0.0044998333,0.12283367,-0.080411583,-0.006279,-0.0050084167,-0.0012015833,-0.00300475,0.0235135,-0.017137083,0.019948667,0.0040329167,0.0059706667,-0.0025845833,0.0028906667,0.0024216667,-0.0059364167,-0.0045488333,-0.00150675
Phoenician*(1000–330*BC),0.0808144,0.14962127,-0.053777467,-0.090117,-0.012432967,-0.0334667,-0.0059378333,-0.0085228,0.0102468,0.0065665,0.0080706333,-0.0069987333,0.0183101,0.0004954,-0.0091881333,0.0046539,-0.0049155667,0.0020903,0.0044747333,0.0017509333,-0.00018293333,0.0059517,-0.0049668333,-0.0037957333,-0.00059056667
Phoenician*(Achaemenid*period),0.0853672,0.1492828,-0.0493274,-0.087856,-0.0123714,-0.0340246,-0.005123,-0.0080304,0.0110034,0.012319,0.0075674,-0.0042862,0.0127848,-0.0014038,-0.0068674,0.0026252,0.0005738,-0.0001266,0.0014832,-0.0002502,-0.0001748,0.0057376,-0.004363,0.0004818,-0.0008142
Phoenician*(Assyrian*period),0.088782,0.153345,-0.053174,-0.097869,-0.0141565,-0.0384865,-0.0105755,-0.004154,0.017487,0.0033715,0.0099865,-0.011165,0.0228195,0.003991,-0.017983,0.0102755,-0.0008475,0.0023435,0.005279,0.001876,-0.00287,0.0040805,-0.0079495,-0.001265,-0.0009575
Phoenician*(Hellenistic*period),0.068294,0.146236,-0.058831,-0.084626,-0.010771,-0.027889,-0.002115,-0.013384,0.00225,0.004009,0.006658,-0.005545,0.019326,-0.001101,-0.002714,0.001061,-0.014473,0.004054,0.006662,0.003627,0.002496,0.008037,-0.002588,-0.010604,0
Roman*Anatolia*(100*BC–AD*700),0.10886032,0.1512326,-0.0327342,-0.06633128,0.0018342,-0.02486588,-0.00084604,-0.00680288,-0.004884,0.021861,0.00377388,0.0037886,-0.00840224,0.00287356,-0.01561332,-0.00453456,0.00457912,0.00132776,0.00499772,-0.00643304,-0.00363352,0.0016272,-0.00101564,-0.00100244,-0.00155676
Roman*Britain*(AD*100–400),0.13046975,0.135954,0.061376625,0.0479655,0.04008425,0.017256375,0.002790625,0.0067785,0.005496625,0.00375875,-0.0036335,0.007025,-0.014680125,-0.014846125,0.02536275,0.005784125,-0.006339875,0.001583625,0.00191675,0.007378375,0.00588025,0.001561125,-0.000708625,0.010995375,0.000284375
Roman*Gaul*(AD*130–500),0.126994,0.14406014,0.049510571,0.020856571,0.038996143,0.0051394286,0.00016785714,0.0050108571,0.013294,0.016661714,-0.005034,0.0018198571,-0.011935429,-0.010518143,0.0081624286,-0.0044321429,-0.0084562857,-0.00019914286,0.0052972857,-0.0011611429,0.0044742857,0.0014485714,-0.0039085714,0.00055071429,0.00078685714
Roman*Iberia*(AD*260–500),0.10870113,0.1435705,0.042143125,0.000040375,0.047355,-0.002997875,-0.0022325,0.0002885,0.02940025,0.032916375,-0.004506375,0.00805525,-0.0129335,-0.0126785,0.00912725,0.001707125,0.00009775,0.00007925,-0.0036765,0.0015945,0.004570125,0.0006955,-0.00167925,-0.004699375,0.000898
Roman*Illyria*(AD*100–600),0.11673189,0.15001617,0.012528889,-0.024117333,0.024636833,-0.0097922778,0.00084861111,0.00073083333,0.0049199444,0.024186778,0.00028866667,0.0060531111,-0.012949944,-0.0012922222,-0.0089726667,-0.0075943889,-0.0022527778,0.00054188889,0.0045881111,-0.0056207222,-0.005934,0.0016692778,-0.00050672222,0.0021688889,0.00027277778
Roman*Italy*(20*BC–AD*600),0.10910156,0.14995978,-0.0069138148,-0.043377704,0.01421337,-0.018034889,-0.001027037,-0.0046065926,0.0047041111,0.021969519,0.002598037,0.003507963,-0.007487963,-0.0024975185,-0.0065798889,-0.0029219259,0.0013184074,0.00083988889,0.0023325556,-0.0034692593,-0.0012154074,0.0037553333,0.0014012593,-0.00081225926,0.00035485185
Roman*Levant*(BC*50–AD*700),0.084532667,0.1451532,-0.052872333,-0.0873392,-0.012268867,-0.031849267,-0.0053266667,-0.0079073333,0.0069402667,0.0088080667,0.0057162667,-0.0082726667,0.0135182,-0.00093586667,-0.0083062,0.010014933,0.0023034,-0.00059966667,0.0015753333,-0.00011666667,0.00011646667,0.0057787333,-0.00539,0.0008514,-0.0011736
Roman*Levant*(Beirut),0.08223725,0.140397,-0.05543675,-0.091409,-0.01784925,-0.033118,-0.00428875,-0.00605725,0.0098685,0.0091575,0.00945925,-0.01004125,0.0174305,-0.0010665,-0.0100435,0.016872,0.01134325,-0.0047825,0.0008485,0.00143825,0.00502225,0.0055645,-0.0041905,0.003434,-0.0022455
Roman*Levant*(Chhim),0.08309075,0.146998,-0.050157,-0.08583725,-0.00815525,-0.034722,-0.0043475,-0.00848025,0.00342575,0.007016,0.00511525,-0.0054325,0.00929125,-0.0016515,-0.00668425,0.0066295,-0.00322725,0.00088675,-0.00094275,-0.0033765,-0.003556,0.006832,-0.00674775,-0.0015665,0.00182625
Roman*Levant*(Ej*Jaouze),0.083849667,0.14962167,-0.049654333,-0.086241,-0.011181667,-0.031142667,-0.00517,-0.0099996667,0.0067493333,0.0062566667,0.0049803333,-0.005545,0.014519,0.0013303333,-0.0051123333,0.006276,-0.0028683333,0.003083,0.0046506667,-0.0010006667,-0.002246,0.0044926667,-0.0076,0.0016063333,0.0017563333
Roman*Mesopotamia*(AD*600–850),0.092955667,0.13912733,-0.063984667,-0.073967,-0.018362333,-0.023706,-0.0019583333,-0.0070766667,-0.013975667,0.002855,0.0059,-0.0029473333,0.0092666667,0.001606,-0.003755,0.01074,-0.0054323333,0.00029533333,0.0046093333,-0.004502,-0.00087366667,0.002473,0.000534,-0.0049803333,0.0012373333
Roman*Sardinia*(AD*400–500),0.121791,0.159438,0.035826,-0.056525,0.073244,-0.022869,-0.00564,0.001154,0.047245,0.085469,-0.002598,0.014087,-0.02438,-0.01679,-0.015608,-0.002254,0.018515,-0.006081,0.004651,-0.011506,-0.004492,-0.011623,-0.013557,-0.023738,0.004071
Rouran*Khaganate*(AD*330–550),0.0397622,-0.38583347,0.089629,-0.0215764,-0.081492133,-0.046351867,0.017860933,0.023875867,0.009408,0.011784533,-0.012807,0.0003298,-0.0020316667,0.0026241333,0.0041711333,-0.0007424,0.0005042,-0.0019340667,0.0030838,0.012747867,-0.021329,-0.0047565333,-0.0190048,-0.000474,-0.00051886667
Sardinian*(1100–300*BC),0.1269125,0.1731478,0.039409,-0.0528913,0.0819385,-0.0277495,-0.0048175,-0.00075,0.0566533,0.0927585,0.0000813,0.0169725,-0.0354558,-0.0133153,-0.0179153,-0.0109718,0.004694,-0.0000632,0.0040225,-0.0085038,0.0008113,0.0055335,-0.010137,-0.026359,0.0021853
Sardinian*(Middle*Ages)*(AD*770–1000),0.12236,0.1650235,0.0254555,-0.047481,0.0618575,-0.0230085,-0.00235,0.000692,0.0445865,0.0779975,-0.0060085,0.0125135,-0.026313,-0.0216755,-0.010179,0.006497,0.025816,0.0036105,-0.0048395,-0.005753,-0.0009355,0.000495,-0.005176,-0.020786,-0.0039515
Sarmatian*(AD*50–450),0.11235971,0.042797571,0.038304857,0.065661286,-0.0244,0.024542429,0.0017121429,0.0025384286,-0.027114,-0.035640143,-0.0024358571,-0.002419,-0.00025471429,-0.025401286,0.019427286,0.013088714,-0.0055692857,-0.00097714286,-0.0044712857,0.0013754286,-0.0088414286,0.0065184286,0.00073928571,0.0055255714,0.00207
Sarmatian*(Carpathian*Basin),0.10927,0.034528,0.046386,0.061047,-0.014772,0.014223,0.00611,-0.000923,-0.022498,-0.032074,0.002273,-0.003147,0.004608,-0.024222,0.014929,0.011668,-0.005737,-0.004687,-0.006662,0.004752,-0.00574,0.004699,-0.001972,0.006025,-0.001916
Sarmatian*(Caspian*Steppe),0.1129126,0.0465116,0.03643,0.068799,-0.02979,0.0288932,-0.000141,0.0030922,-0.0294104,-0.0373948,-0.0041896,-0.002967,-0.0022594,-0.0266988,0.0205208,0.0135774,-0.0059456,-0.000304,-0.004852,0.0005,-0.0102318,0.006801,0.0012816,0.006073,0.003808
Sarmatian*(North*Transdanubia),0.112685,0.032497,0.039598,0.054587,-0.007078,0.013108,0.00658,0.003231,-0.020248,-0.030433,0.001624,0.001049,0.004906,-0.020093,0.018458,0.012066,-0.00352,-0.000633,-0.000377,0.002376,-0.004991,0.006925,0.000739,0.002289,-0.002634
Sarmatian*Urals*(530–250*BC),0.1105709,0.0470046,0.0353416,0.0672301,-0.0226854,0.0282476,0.0010407,-0.0001647,-0.0274351,-0.0383999,-0.005498,-0.0003854,-0.000807,-0.0213709,0.0244879,0.0149446,-0.0085309,-0.0006877,-0.0016519,0.0009467,-0.0110697,0.0009184,-0.0014264,0.0054394,-0.000513
Savanna*Pastoral*Neolithic*(2000*BC–AD*600),-0.28745226,0.095353571,-0.026771943,-0.074962143,0.0028282286,-0.0391376,-0.0065678857,-0.0060272429,0.12137221,-0.081509,-0.0056703286,-0.0074568857,-0.00090187143,-0.0011450143,0.025475943,-0.020372686,0.017437914,0.0031575286,0.0033346286,-0.0025821714,0.00087934286,0.00086858571,-0.0030235286,-0.00057564286,-0.00068414286
Savanna*Pastoral*Neolithic*(Elmenteitan),-0.2868343,0.091567,-0.0272783,-0.0740208,0.0025645,-0.0387193,-0.009126,-0.0053845,0.1228507,-0.0830085,-0.005819,-0.006694,-0.0027748,0.0002982,0.0218057,-0.020242,0.0176018,0.0028083,0.0093017,-0.0022928,0.0035353,0.0019373,-0.0089767,-0.0044987,0.0015568
Scandinavian*(Iron*Age),0.12520543,0.12882729,0.071060143,0.064692286,0.043700286,0.022151857,0.0022492857,0.010087714,0.0056388571,-0.010231429,-0.0021342857,0.0026334286,-0.007518,-0.0041877143,0.023460143,0.0038072857,-0.013075571,0.0029862857,0.0065184286,0.0061814286,0.0075225714,0.002579,-0.000229,0.0098464286,0.00070128571
Scandinavian*Viking*(Funen),0.12890475,0.133034,0.07099325,0.05983575,0.0435465,0.021614,0.005405,0.0060575,0.00705625,-0.00555825,-0.0037755,0.00044975,-0.0075445,-0.0015485,0.02032425,0.00606575,-0.00511775,0.00503575,0.0047135,0.00672175,0.00967025,0.00757375,-0.0012325,0.0109955,0.002395
Scandinavian*Viking*(Nordland),0.1299858,0.1202386,0.073614,0.0661504,0.041854,0.0242636,0.004512,0.0085382,0.0004908,-0.0104602,-0.0015914,0.0029974,-0.0056492,-0.0077618,0.0194352,0.0102094,-0.0051632,0.0038514,0.0054552,0.008354,0.003993,0.0009152,0.0035002,0.0126282,0.0044306
Scandinavian*Viking*(Oxford),0.12349775,0.122879,0.07014425,0.06193525,0.04039225,0.02482125,0.00229125,0.009692,-0.00005125,-0.00564925,-0.008566,0.00434625,-0.00821375,-0.00677825,0.0244975,0.00938075,-0.006291,0.0029455,0.004148,0.00534625,0.00255825,0.00404975,0.0022185,0.01229075,0.00035925
Scandinavian*Viking*(Saaremaa),0.12710267,0.13404967,0.071527,0.067614667,0.044008,0.025007333,0.0077553333,0.0081536667,0.0048406667,-0.006925,-0.005467,0.002098,-0.008424,-0.005505,0.020131667,0.0059226667,-0.007823,0.004012,0.0047346667,0.0077123333,0.011854333,0.002308,-0.00024666667,0.017151,0.00071866667
Scandinavian*Viking*(Sealand),0.13165533,0.13134167,0.069893333,0.061154667,0.042469333,0.022311,0.0065016667,0.009,0.00020466667,-0.0055276667,-0.004168,0.0018983333,-0.0052033333,-0.003532,0.019045667,0.006276,-0.008562,0.00042233333,0.0035196667,0.005336,0.0087346667,0.0017723333,-0.0047656667,0.016829667,0.0032733333
Scandinavian*Viking*(Telemark),0.126059,0.125418,0.068353,0.0602395,0.045162,0.0232875,0.00299625,0.01032625,0.003068,-0.0089295,-0.0002435,0.00543275,-0.00773025,-0.007535,0.01930625,0.003149,-0.00857275,0.002027,0.006505,0.007535,0.01179175,0.00265825,0.0000925,0.014068,0.00116775
Selknam*(500*BP),0.056684,-0.31847,0.1147954,0.097223,-0.1189144,-0.0216978,-0.289533,-0.3483546,-0.0159528,-0.0145426,-0.002436,0.0005394,-0.001427,0.0209738,-0.0067588,0.0048792,0.0086314,0.00038,-0.004123,-0.0006754,-0.0012976,0.0013848,-0.004708,0.0003616,-0.0006226
Sinitic*(Qing*Period),0.018212,-0.447848,-0.009428,-0.072998,0.07663,0.041276,-0.00705,-0.011076,-0.016771,-0.00492,-0.05164,-0.008243,0.005946,-0.003303,0.003393,-0.00769,-0.000913,0.003294,0.003897,-0.014007,0.010856,-0.002349,0.014913,-0.006145,-0.012933
Slav*(Avar*Period),0.135449,0.128972,0.080704,0.063954,0.034776,0.034025,0.006815,0.007615,0.009613,-0.02041,-0.001461,-0.005245,0.010852,0.026561,-0.014658,-0.002254,0.002347,0.001267,0.01081,-0.001751,0.001622,-0.002844,0.009613,-0.008314,0.005389
Slav*(Kievan*Rus),0.129758,0.116786,0.070899,0.060078,0.041238,0.018965,0.009165,0.011307,0.001432,-0.017859,0.000487,-0.008093,0.014271,0.023809,-0.014658,-0.005834,0.00013,-0.002154,0.000628,-0.001251,-0.007986,-0.005812,0.012695,-0.010724,-0.005868
Slav*(Krakauer*Berg),0.1289045,0.12668725,0.075424,0.06661875,0.04631625,0.025658,0.00981175,0.01199975,-0.0012275,-0.02492075,-0.0008525,-0.0083175,0.01460575,0.0221915,-0.0119775,-0.0066625,0.00273825,-0.00193175,0.00153975,0.00222,-0.000967,-0.0045755,0.00603925,-0.0062055,0.003293
Slav*(Viking*Age),0.12217033,0.13201867,0.074795333,0.068906667,0.039597,0.028539667,0.006659,0.015922333,0.007499,-0.021746667,-0.002977,-0.009142,0.016898,0.027845667,-0.0096816667,-0.005834,0.0056933333,0.002323,0.0052376667,0.0017506667,-0.0069873333,-0.0019783333,0.0096133333,-0.0033736667,-0.000878
Slavic*(AD*540–1100),0.12549,0.131257,0.0762725,0.0676685,0.03839175,0.029911,0.006698,0.0138455,0.0080275,-0.0214125,-0.002598,-0.00816775,0.0153865,0.0275245,-0.01092575,-0.004939,0.00485675,0.002059,0.00663075,0.00087525,-0.004835,-0.00219475,0.00961325,-0.00460875,0.00068875
Slavic*(AD*540–1270),0.12748178,0.12761811,0.075298333,0.066358556,0.04223,0.026804556,0.008356,0.012743111,0.0031813333,-0.022576889,-0.0014794444,-0.008226,0.014915556,0.024741444,-0.011807889,-0.0058044444,0.00339,-0.00018277778,0.0037011111,0.0012366667,-0.003466,-0.0036547778,0.0083672222,-0.0059978889,0.0011176667
South*Amerindian*(9000*BC–AD*1500),0.052407883,-0.31561312,0.11603878,0.09649625,-0.11432795,-0.01981811,-0.289721,-0.3460672,-0.013856443,-0.016442603,-0.00058466667,-0.00089382,0.000031766667,0.024154627,-0.00751566,0.00609599,0.0076152467,-0.00051521667,-0.0012374167,0.0026099867,0.00059531333,0.0034032933,-0.0021083167,0.00037568667,-0.00022025333
South*Italian*(Kingdom*of*Sicily),0.10016425,0.146744,-0.00612825,-0.04417025,0.01431,-0.0162455,-0.00141,-0.005019,0.006289,0.019226,0.001502,0.00082425,-0.002304,-0.00178925,-0.00861825,0.000464,0.00573725,-0.000285,0.00298525,-0.00203225,0.000624,0.000402,-0.002773,-0.00132525,-0.00053875
South*Italian*(Longobard*Period),0.10504243,0.14362486,-0.013522571,-0.043697286,0.011694429,-0.018924714,-0.0026858571,-0.0041207143,0.0030094286,0.022310714,0.0020182857,0.0027191429,-0.0031644286,-0.00464,-0.0074645714,-0.000682,0.0017135714,-0.0048684286,-0.0049921429,-0.00037514286,-0.0026204286,-0.0029854286,0.000070428571,0.0025992857,0.00080385714
Southeast*Asian*(2000*BC–AD*1800),0.013439957,-0.42286663,-0.048986047,-0.055509459,0.13762433,0.062427913,-0.0040749446,-0.011000309,-0.018916669,-0.017147032,0.045949196,0.0035655355,-0.0047088636,-0.0013949959,0.0082367537,0.0048685736,-0.0013659678,0.0023079347,0.0040840702,-0.0047319496,0.0043173273,-0.0094654843,0.0013440926,-0.0048550074,-0.01854444
Southeast*Asian*(Roopkund),0.009106,-0.397072,-0.088246,-0.024225,0.154183,0.06777,-0.002585,-0.001846,-0.009408,-0.018224,0.096621,0.008692,-0.013379,0.013625,-0.00095,0.002917,0.002347,-0.006841,-0.002388,0.022261,-0.006613,0.007048,-0.013927,0.014219,0.040236
Swat*Valley*(300*BC–AD*1350),0.0663019,-0.01096765,-0.1150407,0.0764541,-0.07764535,0.0445527,0.00175075,0.0037498,-0.0064528,-0.0061231,-0.00553735,0.00128875,-0.0020887,-0.0071289,0.00813645,0.00941375,-0.00039115,-0.0012543,0.0004274,-0.00769745,-0.000212,-0.00474825,0.00035745,-0.0036209,0.0025866
Taiwan*(Gongguan),0.009106,-0.455973,-0.032432,-0.075905,0.142796,0.070559,-0.008695,-0.011999,-0.030065,-0.024602,0.052614,-0.003147,0.008474,-0.003303,0.009908,0.008618,-0.012778,0.006714,0.012821,-0.013256,0.00549,-0.032397,-0.001109,-0.008194,-0.061192
Tarim*Basin*(570–200*BC),0.0866952,-0.0575467,0.0143933,0.0673993,-0.0741675,0.0187323,-0.0065018,-0.013307,-0.0322468,-0.0414587,-0.0057377,-0.005445,0.0052773,-0.0233728,0.020539,0.0100548,-0.0108872,-0.0024493,-0.0011525,0,-0.0165125,0.000103,0.0014995,0.0056632,2e-7
Tibetan*Plateau*(1200*BC–AD*500),0.015001562,-0.40329533,-0.0027170769,-0.034196592,0.017825692,0.0092964077,0.0052844846,0.0097155615,0.0093609231,0.014130308,-0.078179592,-0.010256254,0.010314692,-0.0050495615,-0.0080771769,-0.00087356154,0.0019758231,-0.0043950231,-0.0074517692,0.0049732846,-0.00024646154,0.028928308,0.006096,0.00022566923,0.035445923
Turkic*(AD*650–1200),0.069344462,-0.15943818,0.034970615,0.010000577,-0.045813154,-0.0054545385,0.0061191385,0.0063812923,-0.014898715,-0.011778808,-0.016220077,-0.0019251385,0.00026013846,-0.0116926,0.0088426538,0.0045359231,-0.0057093462,0.0019540154,0.0035147538,0.0012553692,-0.015088677,0.00018069231,-0.0047569231,-0.0018932846,-0.0021326154
Vietnam*(Late*Neolithic),0.016314329,-0.38759367,-0.056819671,-0.040267329,0.13489667,0.070373329,-0.0036033286,-0.0036923286,-0.010021671,-0.014578671,0.058297329,0.002947,-0.006442,-0.012386,0.0081886714,-0.00026532857,0.0080403286,-0.0089526714,0.000838,0.004419,-0.0024956714,0.007337,-0.0058746714,-0.0076713286,0.028181
Vietnam*(Neolithic),0,-0.386917,-0.064865,-0.031008,0.134333,0.06038,0.0036425,-0.010961,-0.0138055,-0.014579,0.0695835,-0.001499,-0.002007,0.001376,0.0169655,-0.0031155,-0.0011085,0.00076,-0.0020115,0.01532,-0.0034935,0.0084085,0.0030195,-0.0063865,0.034009
Volga*(AD*200–400),0.11431086,0.025678429,0.092394429,0.088317429,0.00057142857,0.014542286,0.012690714,0.015625714,-0.0058142857,-0.042252857,0.013339143,-0.010447857,0.022447714,-0.0024575714,-0.013203571,-0.0023298571,0.0016948571,-0.0017192857,-0.0033938571,0.0024655714,0.0039751429,-0.0014308571,0.0022007143,-0.0062658571,0.0013172857
Xiongnu*(Late)*(150–1*BC),0.0415971,-0.3564047,0.0776011,-0.0128025,-0.0662921,-0.0346078,0.0116759,0.0171915,0.006619,0.0073557,-0.0254213,-0.000545,-0.0005,-0.0033155,0.0008636,0.0000361,-0.0018609,-0.0014051,0.0028225,0.0105846,-0.0175939,-0.0042548,-0.0166105,-0.0013693,0.0022262
Yamana*(1500*BP),0.053497,-0.313799,0.118039,0.094316,-0.117253,-0.027331,-0.290708,-0.342678,-0.01084,-0.012392,-0.002436,0.003297,0,0.031516,-0.002986,0.00769,0.007171,-0.000887,-0.005656,0.004002,0.003993,0.010758,-0.00419,0.006868,-0.004191
